,group_label,original_label,original_uuid,structure,structure_uuid,label,relax_label,relax_uuid,energy,functional,pp,max_force,umap,note,relax_structure,pmg_struct,pmg_struct_relaxed,formula,volume,volume_per_fu,nform,spg_in,spg_out,spg_in_high_tol,spg_out_high_tol,algo,ldau,nelm,prec,ediff,encut,ispin,lasph,ldauj,ldaul,ldauu,lreal,lvhar,lwave,ncore,nedos,sigma,ismear,magmom,nelmin,nwrite,lmaxmix,ldautype,gga,lorbit,kpar,isif,aexx,time,lhfcalc,hfscreen,lmaxfock,precfock,natoms,e_pa
0,li-fe-o-s/extra-search-structures,LFSO-Li2Fe2S2O-201022-042623-e6d3a9 MODE PUSHED,3e0e99da-2a70-4c12-b59f-42cba5bfcba5,uuid: 3e0e99da-2a70-4c12-b59f-42cba5bfcba5 (pk: 561008),3e0e99da-2a70-4c12-b59f-42cba5bfcba5,LFSO-Li2Fe2S2O-201022-042623-e6d3a9 MODE PUSHED,LFSO-Li2Fe2S2O-201022-042623-e6d3a9 MODE PUSHED RELAX U=4.0,5fc62e14-4451-475a-9940-78c8b0dab273,-144.58677551,pbe,PBE.54,0.026127098104968,"{'Li': 0.0, 'O': 0.0, 'S': 0.0, 'Fe': 4.0}",relax,uuid: b3958c68-db91-4038-80e0-4bc77cface7f (pk: 564961),"Full Formula (Li8 Fe8 S8 O4)
Reduced Formula: Li2Fe2S2O
abc   :   7.689801   7.689812   6.979496
angles: 105.988151 105.988133  90.000583
Sites (28)
  #  SP           a         b         c
---  ----  --------  --------  --------
  0  Li    0.224105  0.062418  5e-06
  1  Li    0.72411   0.989372  2.4e-05
  2  Li    0.22411   0.489372  2.4e-05
  3  Li    0.724105  0.562418  5e-06
  4  Li    0.510628  0.27589   0.999976
  5  Li    0.937582  0.275895  0.999995
  6  Li    0.437582  0.775895  0.999995
  7  Li    0.010628  0.77589   0.999976
  8  O     0.474102  0.025896  0.999998
  9  O     0.974104  0.025899  2e-06
 10  O     0.474104  0.525899  2e-06
 11  O     0.974102  0.525896  0.999998
 12  S     0.299816  0.351623  0.302881
 13  S     0.799816  0.351622  0.302874
 14  S     0.299816  0.851622  0.302874
 15  S     0.799816  0.851623  0.302881
 16  S     0.148378  0.200184  0.697126
 17  S     0.648377  0.200184  0.69712
 18  S     0.148377  0.700184  0.69712
 19  S     0.648378  0.700184  0.697126
 20  Fe    0.053558  0.10542   0.317954
 21  Fe    0.553544  0.105416  0.317947
 22  Fe    0.053544  0.605416  0.317947
 23  Fe    0.553558  0.60542   0.317954
 24  Fe    0.394584  0.446456  0.682053
 25  Fe    0.89458   0.446442  0.682046
 26  Fe    0.39458   0.946442  0.682046
 27  Fe    0.894584  0.946456  0.682053","Full Formula (Li8 Fe8 S8 O4)
Reduced Formula: Li2Fe2S2O
abc   :   7.496329   7.496339   7.256469
angles: 104.949446 104.949430  90.108385
Sites (28)
  #  SP           a         b          c
---  ----  --------  --------  ---------
  0  Li    0.222557  0.069325   8.1e-05
  1  Li    0.725557  0.982419   0.999705
  2  Li    0.225557  0.482419   0.999705
  3  Li    0.722557  0.569325   8.1e-05
  4  Li    0.517581  0.274443   0.000295
  5  Li    0.930675  0.277443   0.999919
  6  Li    0.430675  0.777443   0.999919
  7  Li    0.017581  0.774443   0.000295
  8  O     0.47408   0.025926  -1.3e-05
  9  O     0.974075  0.025921   1.3e-05
 10  O     0.474075  0.525921   1.3e-05
 11  O     0.97408   0.525926  -1.3e-05
 12  S     0.301472  0.353324   0.309752
 13  S     0.801477  0.353342   0.30975
 14  S     0.301477  0.853342   0.30975
 15  S     0.801472  0.853324   0.309752
 16  S     0.146658  0.198523   0.69025
 17  S     0.646676  0.198528   0.690248
 18  S     0.146676  0.698528   0.690248
 19  S     0.646658  0.698523   0.69025
 20  Fe    0.053678  0.105254   0.317568
 21  Fe    0.553494  0.105442   0.317549
 22  Fe    0.053494  0.605442   0.317549
 23  Fe    0.553678  0.605254   0.317568
 24  Fe    0.394558  0.446506   0.682451
 25  Fe    0.894746  0.446322   0.682432
 26  Fe    0.394746  0.946322   0.682432
 27  Fe    0.894558  0.946506   0.682451",Li2Fe2S2O,379.6167830818846,94.90419577047115,4,P1,P1,Cmce,Cmce,normal,True,200,accurate,2.8e-05,520,2,True,"[0.0, 0.0, 0.0, 0.0]","[-1, -1, -1, 2]","[0.0, 0.0, 0.0, 4.0]",False,True,False,6.0,2000,0.05,0,"[0.6, 0.6, 0.6, 0.6, 0.6, 0.6, 0.6, 0.6, 0.6, 0.6, 0.6, 0.6, 0.6, 0.6, 0.6, 0.6, 0.6, 0.6, 0.6, 0.6, 5, 5, 5, 5, 5, 5, 5, 5]",4,1,4.0,2.0,,,,,,,,,,,28,-5.163813411071429
1,li-fe-o-s/extra-search-structures,LFSO-Li2Fe2S2O-201022-042623-e6d3a9 MODE PUSHED,3e0e99da-2a70-4c12-b59f-42cba5bfcba5,uuid: 3e0e99da-2a70-4c12-b59f-42cba5bfcba5 (pk: 561008),3e0e99da-2a70-4c12-b59f-42cba5bfcba5,LFSO-Li2Fe2S2O-201022-042623-e6d3a9 MODE PUSHED,LFSO-Li2Fe2S2O-201022-042623-e6d3a9 MODE PUSHED RELAX U=4.0,41580ef5-2015-4c18-98d6-377be96aeab9,-146.19802445,pbe,PBE.54,0.0059774815922008,"{'Li': 0.0, 'O': 0.0, 'S': 0.0, 'Fe': 4.0}",relax,uuid: 7b515f54-537e-49ab-aa8e-5a90432de49c (pk: 565008),"Full Formula (Li8 Fe8 S8 O4)
Reduced Formula: Li2Fe2S2O
abc   :   7.689801   7.689812   6.979496
angles: 105.988151 105.988133  90.000583
Sites (28)
  #  SP           a         b         c
---  ----  --------  --------  --------
  0  Li    0.224105  0.062418  5e-06
  1  Li    0.72411   0.989372  2.4e-05
  2  Li    0.22411   0.489372  2.4e-05
  3  Li    0.724105  0.562418  5e-06
  4  Li    0.510628  0.27589   0.999976
  5  Li    0.937582  0.275895  0.999995
  6  Li    0.437582  0.775895  0.999995
  7  Li    0.010628  0.77589   0.999976
  8  O     0.474102  0.025896  0.999998
  9  O     0.974104  0.025899  2e-06
 10  O     0.474104  0.525899  2e-06
 11  O     0.974102  0.525896  0.999998
 12  S     0.299816  0.351623  0.302881
 13  S     0.799816  0.351622  0.302874
 14  S     0.299816  0.851622  0.302874
 15  S     0.799816  0.851623  0.302881
 16  S     0.148378  0.200184  0.697126
 17  S     0.648377  0.200184  0.69712
 18  S     0.148377  0.700184  0.69712
 19  S     0.648378  0.700184  0.697126
 20  Fe    0.053558  0.10542   0.317954
 21  Fe    0.553544  0.105416  0.317947
 22  Fe    0.053544  0.605416  0.317947
 23  Fe    0.553558  0.60542   0.317954
 24  Fe    0.394584  0.446456  0.682053
 25  Fe    0.89458   0.446442  0.682046
 26  Fe    0.39458   0.946442  0.682046
 27  Fe    0.894584  0.946456  0.682053","Full Formula (Li8 Fe8 S8 O4)
Reduced Formula: Li2Fe2S2O
abc   :   7.689801   7.689812   6.979496
angles: 105.988151 105.988133  90.000583
Sites (28)
  #  SP           a         b         c
---  ----  --------  --------  --------
  0  Li    0.224105  0.062418  5e-06
  1  Li    0.72411   0.989372  2.4e-05
  2  Li    0.22411   0.489372  2.4e-05
  3  Li    0.724105  0.562418  5e-06
  4  Li    0.510628  0.27589   0.999976
  5  Li    0.937582  0.275895  0.999995
  6  Li    0.437582  0.775895  0.999995
  7  Li    0.010628  0.77589   0.999976
  8  O     0.474102  0.025896  0.999998
  9  O     0.974104  0.025899  2e-06
 10  O     0.474104  0.525899  2e-06
 11  O     0.974102  0.525896  0.999998
 12  S     0.299816  0.351623  0.302881
 13  S     0.799816  0.351622  0.302874
 14  S     0.299816  0.851622  0.302874
 15  S     0.799816  0.851623  0.302881
 16  S     0.148378  0.200184  0.697126
 17  S     0.648377  0.200184  0.69712
 18  S     0.148377  0.700184  0.69712
 19  S     0.648378  0.700184  0.697126
 20  Fe    0.053558  0.10542   0.317954
 21  Fe    0.553544  0.105416  0.317947
 22  Fe    0.053544  0.605416  0.317947
 23  Fe    0.553558  0.60542   0.317954
 24  Fe    0.394584  0.446456  0.682053
 25  Fe    0.89458   0.446442  0.682046
 26  Fe    0.39458   0.946442  0.682046
 27  Fe    0.894584  0.946456  0.682053",Li2Fe2S2O,380.12019060867806,95.03004765216951,4,P1,P1,Cmce,Cmce,all,True,200,accurate,2.8e-05,520,2,True,"[0.0, 0.0, 0.0, 0.0]","[-1, -1, -1, 2]","[0.0, 0.0, 0.0, 4.0]",False,True,False,6.0,2000,0.05,0,"[0.6, 0.6, 0.6, 0.6, 0.6, 0.6, 0.6, 0.6, 0.6, 0.6, 0.6, 0.6, 0.6, 0.6, 0.6, 0.6, 0.6, 0.6, 0.6, 0.6, 5, 5, 5, 5, 5, 5, 5, 5]",4,1,4.0,2.0,,,,,,,,,,,28,-5.221358016071428
2,li-fe-o-s/extra-search-structures,LFSO-Li2Fe2S2O-201022-042623-e6d3a9 MODE PUSHED,3e0e99da-2a70-4c12-b59f-42cba5bfcba5,uuid: 3e0e99da-2a70-4c12-b59f-42cba5bfcba5 (pk: 561008),3e0e99da-2a70-4c12-b59f-42cba5bfcba5,LFSO-Li2Fe2S2O-201022-042623-e6d3a9 MODE PUSHED,Li8O4S8Fe8 RELAX,305eabb3-f6a6-44b1-91c1-0edc6a139288,-144.58991882,pbe,PBE.54,0.022964445226911,"{'Li': 0.0, 'O': 0.0, 'S': 0.0, 'Fe': 4.0}",relax,uuid: 3fd3500d-bde0-4bf6-8a34-5b2ae26d6a41 (pk: 567061),"Full Formula (Li8 Fe8 S8 O4)
Reduced Formula: Li2Fe2S2O
abc   :   7.689801   7.689812   6.979496
angles: 105.988151 105.988133  90.000583
Sites (28)
  #  SP           a         b         c
---  ----  --------  --------  --------
  0  Li    0.224105  0.062418  5e-06
  1  Li    0.72411   0.989372  2.4e-05
  2  Li    0.22411   0.489372  2.4e-05
  3  Li    0.724105  0.562418  5e-06
  4  Li    0.510628  0.27589   0.999976
  5  Li    0.937582  0.275895  0.999995
  6  Li    0.437582  0.775895  0.999995
  7  Li    0.010628  0.77589   0.999976
  8  O     0.474102  0.025896  0.999998
  9  O     0.974104  0.025899  2e-06
 10  O     0.474104  0.525899  2e-06
 11  O     0.974102  0.525896  0.999998
 12  S     0.299816  0.351623  0.302881
 13  S     0.799816  0.351622  0.302874
 14  S     0.299816  0.851622  0.302874
 15  S     0.799816  0.851623  0.302881
 16  S     0.148378  0.200184  0.697126
 17  S     0.648377  0.200184  0.69712
 18  S     0.148377  0.700184  0.69712
 19  S     0.648378  0.700184  0.697126
 20  Fe    0.053558  0.10542   0.317954
 21  Fe    0.553544  0.105416  0.317947
 22  Fe    0.053544  0.605416  0.317947
 23  Fe    0.553558  0.60542   0.317954
 24  Fe    0.394584  0.446456  0.682053
 25  Fe    0.89458   0.446442  0.682046
 26  Fe    0.39458   0.946442  0.682046
 27  Fe    0.894584  0.946456  0.682053","Full Formula (Li8 Fe8 S8 O4)
Reduced Formula: Li2Fe2S2O
abc   :   7.506394   7.506404   7.237426
angles: 104.951267 104.951251  90.046028
Sites (28)
  #  SP           a         b         c
---  ----  --------  --------  --------
  0  Li    0.222866  0.072638  0.000444
  1  Li    0.725367  0.979141  0.999557
  2  Li    0.225367  0.479141  0.999557
  3  Li    0.722866  0.572638  0.000444
  4  Li    0.520859  0.274633  0.000443
  5  Li    0.927362  0.277134  0.999556
  6  Li    0.427362  0.777134  0.999556
  7  Li    0.020859  0.774633  0.000443
  8  O     0.474112  0.025898  4e-06
  9  O     0.974102  0.025888  0.999996
 10  O     0.474102  0.525888  0.999996
 11  O     0.974112  0.525898  4e-06
 12  S     0.301326  0.353222  0.30956
 13  S     0.801364  0.353257  0.309571
 14  S     0.301364  0.853257  0.309571
 15  S     0.801326  0.853222  0.30956
 16  S     0.146743  0.198636  0.690429
 17  S     0.646778  0.198674  0.69044
 18  S     0.146778  0.698674  0.69044
 19  S     0.646743  0.698636  0.690429
 20  Fe    0.053862  0.105185  0.317529
 21  Fe    0.553531  0.105804  0.31755
 22  Fe    0.053531  0.605804  0.31755
 23  Fe    0.553862  0.605185  0.317529
 24  Fe    0.394196  0.446469  0.68245
 25  Fe    0.894815  0.446138  0.682471
 26  Fe    0.394815  0.946138  0.682471
 27  Fe    0.894196  0.946469  0.68245",Li2Fe2S2O,379.66337089162454,94.91584272290613,4,P1,P1,Cmce,Cmce,normal,True,200,accurate,2.8e-05,520,2,True,"[0.0, 0.0, 0.0, 0.0]","[-1, -1, -1, 2]","[0.0, 0.0, 0.0, 4.0]",False,True,False,,2000,0.05,0,"[0.6, 0.6, 0.6, 0.6, 0.6, 0.6, 0.6, 0.6, 0.6, 0.6, 0.6, 0.6, 0.6, 0.6, 0.6, 0.6, 0.6, 0.6, 0.6, 0.6, 5, 5, 5, 5, 5, 5, 5, 5]",4,1,4.0,2.0,pe,11.0,,,,,,,,,28,-5.163925672142858
3,li-fe-o-s/extra-search-structures,LFSO-Li2Fe2S2O-201022-042623-e6d3a9 MODE PUSHED,3e0e99da-2a70-4c12-b59f-42cba5bfcba5,uuid: 3e0e99da-2a70-4c12-b59f-42cba5bfcba5 (pk: 561008),3e0e99da-2a70-4c12-b59f-42cba5bfcba5,LFSO-Li2Fe2S2O-201022-042623-e6d3a9 MODE PUSHED,Li8O4S8Fe8 RELAX,fe559143-abb9-4bd7-a3bc-f93df1b20b6e,-144.5858908,pbe,PBE.54,0.027840031947721,"{'Li': 0.0, 'O': 0.0, 'S': 0.0, 'Fe': 4.0}",relax,uuid: a9f72caf-547a-4944-b14d-e501791d4738 (pk: 566126),"Full Formula (Li8 Fe8 S8 O4)
Reduced Formula: Li2Fe2S2O
abc   :   7.689801   7.689812   6.979496
angles: 105.988151 105.988133  90.000583
Sites (28)
  #  SP           a         b         c
---  ----  --------  --------  --------
  0  Li    0.224105  0.062418  5e-06
  1  Li    0.72411   0.989372  2.4e-05
  2  Li    0.22411   0.489372  2.4e-05
  3  Li    0.724105  0.562418  5e-06
  4  Li    0.510628  0.27589   0.999976
  5  Li    0.937582  0.275895  0.999995
  6  Li    0.437582  0.775895  0.999995
  7  Li    0.010628  0.77589   0.999976
  8  O     0.474102  0.025896  0.999998
  9  O     0.974104  0.025899  2e-06
 10  O     0.474104  0.525899  2e-06
 11  O     0.974102  0.525896  0.999998
 12  S     0.299816  0.351623  0.302881
 13  S     0.799816  0.351622  0.302874
 14  S     0.299816  0.851622  0.302874
 15  S     0.799816  0.851623  0.302881
 16  S     0.148378  0.200184  0.697126
 17  S     0.648377  0.200184  0.69712
 18  S     0.148377  0.700184  0.69712
 19  S     0.648378  0.700184  0.697126
 20  Fe    0.053558  0.10542   0.317954
 21  Fe    0.553544  0.105416  0.317947
 22  Fe    0.053544  0.605416  0.317947
 23  Fe    0.553558  0.60542   0.317954
 24  Fe    0.394584  0.446456  0.682053
 25  Fe    0.89458   0.446442  0.682046
 26  Fe    0.39458   0.946442  0.682046
 27  Fe    0.894584  0.946456  0.682053","Full Formula (Li8 Fe8 S8 O4)
Reduced Formula: Li2Fe2S2O
abc   :   7.494687   7.494697   7.253854
angles: 104.921103 104.921087  90.131218
Sites (28)
  #  SP           a         b         c
---  ----  --------  --------  --------
  0  Li    0.222575  0.069328  8.5e-05
  1  Li    0.725516  0.982445  0.999674
  2  Li    0.225516  0.482445  0.999674
  3  Li    0.722575  0.569328  8.5e-05
  4  Li    0.517555  0.274484  0.000326
  5  Li    0.930672  0.277425  0.999915
  6  Li    0.430672  0.777425  0.999915
  7  Li    0.017555  0.774484  0.000325
  8  O     0.474077  0.025942  1.4e-05
  9  O     0.974059  0.025923  0.999986
 10  O     0.474059  0.525923  0.999986
 11  O     0.974077  0.525942  1.4e-05
 12  S     0.30147   0.353329  0.309759
 13  S     0.801472  0.353331  0.309746
 14  S     0.301472  0.853331  0.309746
 15  S     0.80147   0.853329  0.309759
 16  S     0.146669  0.198528  0.690254
 17  S     0.646671  0.19853   0.690241
 18  S     0.146671  0.69853   0.690241
 19  S     0.646669  0.698528  0.690254
 20  Fe    0.05373   0.105252  0.317595
 21  Fe    0.553505  0.105436  0.317538
 22  Fe    0.053505  0.605436  0.317538
 23  Fe    0.55373   0.605252  0.317595
 24  Fe    0.394564  0.446495  0.682462
 25  Fe    0.894748  0.44627   0.682405
 26  Fe    0.394748  0.94627   0.682405
 27  Fe    0.894564  0.946495  0.682462",Li2Fe2S2O,379.40976894347915,94.85244223586979,4,P1,P1,Cmce,Cmce,normal,True,200,accurate,2.8e-05,520,2,True,"[0.0, 0.0, 0.0, 0.0]","[-1, -1, -1, 2]","[0.0, 0.0, 0.0, 4.0]",False,True,False,8.0,2000,0.05,0,"[0.6, 0.6, 0.6, 0.6, 0.6, 0.6, 0.6, 0.6, 0.6, 0.6, 0.6, 0.6, 0.6, 0.6, 0.6, 0.6, 0.6, 0.6, 0.6, 0.6, 5, 5, 5, 5, 5, 5, 5, 5]",4,1,4.0,2.0,pe,11.0,2.0,,,,,,,,28,-5.163781814285714
4,li-fe-o-s/extra-search-structures,LFSO-Li2Fe2S2O-201022-042623-e6d3a9 MODE PUSHED,3e0e99da-2a70-4c12-b59f-42cba5bfcba5,uuid: 3e0e99da-2a70-4c12-b59f-42cba5bfcba5 (pk: 561008),3e0e99da-2a70-4c12-b59f-42cba5bfcba5,LFSO-Li2Fe2S2O-201022-042623-e6d3a9 MODE PUSHED,Li8O4S8Fe8 RELAX,cfecdff8-3b58-47b2-9b69-669b0ec87788,-146.19802446,pbe,PBE.54,0.0059846008827741,"{'Li': 0.0, 'O': 0.0, 'S': 0.0, 'Fe': 4.0}",relax,uuid: 98ef22b0-1657-4cf8-919e-4f927eeab575 (pk: 569434),"Full Formula (Li8 Fe8 S8 O4)
Reduced Formula: Li2Fe2S2O
abc   :   7.689801   7.689812   6.979496
angles: 105.988151 105.988133  90.000583
Sites (28)
  #  SP           a         b         c
---  ----  --------  --------  --------
  0  Li    0.224105  0.062418  5e-06
  1  Li    0.72411   0.989372  2.4e-05
  2  Li    0.22411   0.489372  2.4e-05
  3  Li    0.724105  0.562418  5e-06
  4  Li    0.510628  0.27589   0.999976
  5  Li    0.937582  0.275895  0.999995
  6  Li    0.437582  0.775895  0.999995
  7  Li    0.010628  0.77589   0.999976
  8  O     0.474102  0.025896  0.999998
  9  O     0.974104  0.025899  2e-06
 10  O     0.474104  0.525899  2e-06
 11  O     0.974102  0.525896  0.999998
 12  S     0.299816  0.351623  0.302881
 13  S     0.799816  0.351622  0.302874
 14  S     0.299816  0.851622  0.302874
 15  S     0.799816  0.851623  0.302881
 16  S     0.148378  0.200184  0.697126
 17  S     0.648377  0.200184  0.69712
 18  S     0.148377  0.700184  0.69712
 19  S     0.648378  0.700184  0.697126
 20  Fe    0.053558  0.10542   0.317954
 21  Fe    0.553544  0.105416  0.317947
 22  Fe    0.053544  0.605416  0.317947
 23  Fe    0.553558  0.60542   0.317954
 24  Fe    0.394584  0.446456  0.682053
 25  Fe    0.89458   0.446442  0.682046
 26  Fe    0.39458   0.946442  0.682046
 27  Fe    0.894584  0.946456  0.682053","Full Formula (Li8 Fe8 S8 O4)
Reduced Formula: Li2Fe2S2O
abc   :   7.689801   7.689812   6.979496
angles: 105.988151 105.988133  90.000583
Sites (28)
  #  SP           a         b         c
---  ----  --------  --------  --------
  0  Li    0.224105  0.062418  5e-06
  1  Li    0.72411   0.989372  2.4e-05
  2  Li    0.22411   0.489372  2.4e-05
  3  Li    0.724105  0.562418  5e-06
  4  Li    0.510628  0.27589   0.999976
  5  Li    0.937582  0.275895  0.999995
  6  Li    0.437582  0.775895  0.999995
  7  Li    0.010628  0.77589   0.999976
  8  O     0.474102  0.025896  0.999998
  9  O     0.974104  0.025899  2e-06
 10  O     0.474104  0.525899  2e-06
 11  O     0.974102  0.525896  0.999998
 12  S     0.299816  0.351623  0.302881
 13  S     0.799816  0.351622  0.302874
 14  S     0.299816  0.851622  0.302874
 15  S     0.799816  0.851623  0.302881
 16  S     0.148378  0.200184  0.697126
 17  S     0.648377  0.200184  0.69712
 18  S     0.148377  0.700184  0.69712
 19  S     0.648378  0.700184  0.697126
 20  Fe    0.053558  0.10542   0.317954
 21  Fe    0.553544  0.105416  0.317947
 22  Fe    0.053544  0.605416  0.317947
 23  Fe    0.553558  0.60542   0.317954
 24  Fe    0.394584  0.446456  0.682053
 25  Fe    0.89458   0.446442  0.682046
 26  Fe    0.39458   0.946442  0.682046
 27  Fe    0.894584  0.946456  0.682053",Li2Fe2S2O,380.12019060867806,95.03004765216951,4,P1,P1,Cmce,Cmce,all,True,200,accurate,2.8e-05,520,2,True,"[0.0, 0.0, 0.0, 0.0]","[-1, -1, -1, 2]","[0.0, 0.0, 0.0, 4.0]",False,True,False,6.0,2000,0.05,0,"[0.6, 0.6, 0.6, 0.6, 0.6, 0.6, 0.6, 0.6, 0.6, 0.6, 0.6, 0.6, 0.6, 0.6, 0.6, 0.6, 0.6, 0.6, 0.6, 0.6, 5, 5, 5, 5, 5, 5, 5, 5]",4,1,4.0,2.0,pe,11.0,1.0,,,,,,,,28,-5.221358016428572
5,li-fe-o-s/extra-search-structures,LFSO-Li2Fe2S2O-201022-042623-e6d3a9 MODE PUSHED,3e0e99da-2a70-4c12-b59f-42cba5bfcba5,uuid: 3e0e99da-2a70-4c12-b59f-42cba5bfcba5 (pk: 561008),3e0e99da-2a70-4c12-b59f-42cba5bfcba5,LFSO-Li2Fe2S2O-201022-042623-e6d3a9 MODE PUSHED,Li8O4S8Fe8 RELAX,0ae0a309-2b66-4191-b792-79e9f6862e6a,-144.58677553,pbe,PBE.54,0.026127071797968,"{'Li': 0.0, 'O': 0.0, 'S': 0.0, 'Fe': 4.0}",relax,uuid: 150cb4b4-90f7-4ce4-a750-8e3d1f87b0bb (pk: 575805),"Full Formula (Li8 Fe8 S8 O4)
Reduced Formula: Li2Fe2S2O
abc   :   7.689801   7.689812   6.979496
angles: 105.988151 105.988133  90.000583
Sites (28)
  #  SP           a         b         c
---  ----  --------  --------  --------
  0  Li    0.224105  0.062418  5e-06
  1  Li    0.72411   0.989372  2.4e-05
  2  Li    0.22411   0.489372  2.4e-05
  3  Li    0.724105  0.562418  5e-06
  4  Li    0.510628  0.27589   0.999976
  5  Li    0.937582  0.275895  0.999995
  6  Li    0.437582  0.775895  0.999995
  7  Li    0.010628  0.77589   0.999976
  8  O     0.474102  0.025896  0.999998
  9  O     0.974104  0.025899  2e-06
 10  O     0.474104  0.525899  2e-06
 11  O     0.974102  0.525896  0.999998
 12  S     0.299816  0.351623  0.302881
 13  S     0.799816  0.351622  0.302874
 14  S     0.299816  0.851622  0.302874
 15  S     0.799816  0.851623  0.302881
 16  S     0.148378  0.200184  0.697126
 17  S     0.648377  0.200184  0.69712
 18  S     0.148377  0.700184  0.69712
 19  S     0.648378  0.700184  0.697126
 20  Fe    0.053558  0.10542   0.317954
 21  Fe    0.553544  0.105416  0.317947
 22  Fe    0.053544  0.605416  0.317947
 23  Fe    0.553558  0.60542   0.317954
 24  Fe    0.394584  0.446456  0.682053
 25  Fe    0.89458   0.446442  0.682046
 26  Fe    0.39458   0.946442  0.682046
 27  Fe    0.894584  0.946456  0.682053","Full Formula (Li8 Fe8 S8 O4)
Reduced Formula: Li2Fe2S2O
abc   :   7.496329   7.496339   7.256469
angles: 104.949445 104.949429  90.108388
Sites (28)
  #  SP           a         b          c
---  ----  --------  --------  ---------
  0  Li    0.222557  0.069325   8.1e-05
  1  Li    0.725557  0.982419   0.999705
  2  Li    0.225557  0.482419   0.999705
  3  Li    0.722557  0.569325   8.1e-05
  4  Li    0.517581  0.274443   0.000295
  5  Li    0.930675  0.277443   0.999919
  6  Li    0.430675  0.777443   0.999919
  7  Li    0.017581  0.774443   0.000295
  8  O     0.47408   0.025926  -1.3e-05
  9  O     0.974075  0.025921   1.3e-05
 10  O     0.474075  0.525921   1.3e-05
 11  O     0.97408   0.525926  -1.3e-05
 12  S     0.301472  0.353324   0.309752
 13  S     0.801477  0.353342   0.30975
 14  S     0.301477  0.853342   0.30975
 15  S     0.801472  0.853324   0.309752
 16  S     0.146658  0.198523   0.69025
 17  S     0.646676  0.198528   0.690248
 18  S     0.146676  0.698528   0.690248
 19  S     0.646658  0.698523   0.69025
 20  Fe    0.053678  0.105254   0.317568
 21  Fe    0.553494  0.105442   0.317549
 22  Fe    0.053494  0.605442   0.317549
 23  Fe    0.553678  0.605254   0.317568
 24  Fe    0.394558  0.446506   0.682451
 25  Fe    0.894746  0.446322   0.682432
 26  Fe    0.394746  0.946322   0.682432
 27  Fe    0.894558  0.946506   0.682451",Li2Fe2S2O,379.6167870037516,94.9041967509379,4,P1,P1,Cmce,Cmce,normal,True,200,accurate,2.8e-05,520,2,True,"[0.0, 0.0, 0.0, 0.0]","[-1, -1, -1, 2]","[0.0, 0.0, 0.0, 4.0]",False,True,False,6.0,2000,0.05,0,"[0.6, 0.6, 0.6, 0.6, 0.6, 0.6, 0.6, 0.6, 0.6, 0.6, 0.6, 0.6, 0.6, 0.6, 0.6, 0.6, 0.6, 0.6, 0.6, 0.6, 5, 5, 5, 5, 5, 5, 5, 5]",4,1,4.0,2.0,pe,11.0,1.0,,,,,,,,28,-5.163813411785715
6,li-fe-o-s/extra-search-structures,Li4Fe3S3O4 Enum minimum,d6474c74-bb0f-4f18-bc0c-7d0287762989,uuid: d6474c74-bb0f-4f18-bc0c-7d0287762989 (pk: 533020),d6474c74-bb0f-4f18-bc0c-7d0287762989,Li4Fe3S3O4 Enum minimum,Li8Fe6S6O4 RELAX,16a34e88-3b87-4fdf-9655-ce5d4522f783,-124.41273163,pbe,PBE.54,0.028751621344213,"{'Li': 0.0, 'Fe': 4.0, 'S': 0.0, 'O': 0.0}",relax,uuid: 7f66bcf5-78ba-47c6-bc23-4cad1e5ae38c (pk: 550274),"Full Formula (Li8 Fe6 S6 O4)
Reduced Formula: Li4Fe3S3O2
abc   :   7.744359   4.043250  10.553366
angles: 101.043962 100.745959  90.000000
Sites (24)
  #  SP           a         b         c
---  ----  --------  --------  --------
  0  Li    0.954458  0.002045  0.00409
  1  Li    0.545542  0.997955  0.99591
  2  Li    0.360483  0.803587  0.607175
  3  Li    0.139517  0.196413  0.392825
  4  Li    0.213611  0.92147   0.84294
  5  Li    0.690334  0.88746   0.774919
  6  Li    0.286389  0.07853   0.15706
  7  Li    0.809666  0.11254   0.225081
  8  Fe    0.93002   0.800531  0.601062
  9  Fe    0.56998   0.199469  0.398938
 10  Fe    0.449008  0.400929  0.801858
 11  Fe    0.955568  0.407319  0.814638
 12  Fe    0.050992  0.599071  0.198142
 13  Fe    0.544432  0.592681  0.185362
 14  S     0.25      0.5       0
 15  S     0.75      0.5       0
 16  S     0.352344  0.684043  0.368085
 17  S     0.831395  0.683687  0.367375
 18  S     0.147656  0.315957  0.631915
 19  S     0.668605  0.316313  0.632625
 20  O     0.450331  0.902894  0.805787
 21  O     0.952627  0.9041    0.8082
 22  O     0.049669  0.097106  0.194213
 23  O     0.547373  0.0959    0.1918","Full Formula (Li8 Fe6 S6 O4)
Reduced Formula: Li4Fe3S3O2
abc   :   7.744359   4.043250  10.553366
angles: 101.043962 100.745959  90.000000
Sites (24)
  #  SP           a         b         c
---  ----  --------  --------  --------
  0  Li    0.954458  0.002045  0.00409
  1  Li    0.545542  0.997955  0.99591
  2  Li    0.360483  0.803587  0.607175
  3  Li    0.139517  0.196413  0.392825
  4  Li    0.213611  0.92147   0.84294
  5  Li    0.690334  0.88746   0.774919
  6  Li    0.286389  0.07853   0.15706
  7  Li    0.809666  0.11254   0.225081
  8  Fe    0.93002   0.800531  0.601062
  9  Fe    0.56998   0.199469  0.398938
 10  Fe    0.449008  0.400929  0.801858
 11  Fe    0.955568  0.407319  0.814638
 12  Fe    0.050992  0.599071  0.198142
 13  Fe    0.544432  0.592681  0.185362
 14  S     0.25      0.5       0
 15  S     0.75      0.5       0
 16  S     0.352344  0.684043  0.368085
 17  S     0.831395  0.683687  0.367375
 18  S     0.147656  0.315957  0.631915
 19  S     0.668605  0.316313  0.632625
 20  O     0.450331  0.902894  0.805787
 21  O     0.952627  0.9041    0.8082
 22  O     0.049669  0.097106  0.194213
 23  O     0.547373  0.0959    0.1918",Li4Fe3S3O2,318.42494850899214,159.21247425449607,2,C2/m,C2/m,C2/m,C2/m,normal,True,200,accurate,2.4e-05,520,2,True,"[0.0, 0.0, 0.0, 0.0]","[-1, 2, -1, -1]","[0.0, 4.0, 0.0, 0.0]",False,True,False,,2000,0.05,0,"[0.6, 0.6, 0.6, 0.6, 0.6, 0.6, 0.6, 0.6, 5, 5, 5, 5, 5, 5, 0.6, 0.6, 0.6, 0.6, 0.6, 0.6, 0.6, 0.6, 0.6, 0.6]",4,1,4.0,2.0,pe,11.0,,3.0,,,,,,,24,-5.1838638179166665
7,li-fe-o-s/extra-search-structures,Li4Fe3S3O4 Enum minimum,d6474c74-bb0f-4f18-bc0c-7d0287762989,uuid: d6474c74-bb0f-4f18-bc0c-7d0287762989 (pk: 533020),d6474c74-bb0f-4f18-bc0c-7d0287762989,Li4Fe3S3O4 Enum minimum,Li8Fe6S6O4 RELAX,06346133-f1b1-42a5-bb92-0b74b3f8472b,-124.41273163,pbe,PBE.54,0.028751621344213,"{'Li': 0.0, 'Fe': 4.0, 'S': 0.0, 'O': 0.0}",relax,uuid: 10736448-1798-4899-b59e-969e29250f23 (pk: 552363),"Full Formula (Li8 Fe6 S6 O4)
Reduced Formula: Li4Fe3S3O2
abc   :   7.744359   4.043250  10.553366
angles: 101.043962 100.745959  90.000000
Sites (24)
  #  SP           a         b         c
---  ----  --------  --------  --------
  0  Li    0.954458  0.002045  0.00409
  1  Li    0.545542  0.997955  0.99591
  2  Li    0.360483  0.803587  0.607175
  3  Li    0.139517  0.196413  0.392825
  4  Li    0.213611  0.92147   0.84294
  5  Li    0.690334  0.88746   0.774919
  6  Li    0.286389  0.07853   0.15706
  7  Li    0.809666  0.11254   0.225081
  8  Fe    0.93002   0.800531  0.601062
  9  Fe    0.56998   0.199469  0.398938
 10  Fe    0.449008  0.400929  0.801858
 11  Fe    0.955568  0.407319  0.814638
 12  Fe    0.050992  0.599071  0.198142
 13  Fe    0.544432  0.592681  0.185362
 14  S     0.25      0.5       0
 15  S     0.75      0.5       0
 16  S     0.352344  0.684043  0.368085
 17  S     0.831395  0.683687  0.367375
 18  S     0.147656  0.315957  0.631915
 19  S     0.668605  0.316313  0.632625
 20  O     0.450331  0.902894  0.805787
 21  O     0.952627  0.9041    0.8082
 22  O     0.049669  0.097106  0.194213
 23  O     0.547373  0.0959    0.1918","Full Formula (Li8 Fe6 S6 O4)
Reduced Formula: Li4Fe3S3O2
abc   :   7.744359   4.043250  10.553366
angles: 101.043962 100.745959  90.000000
Sites (24)
  #  SP           a         b         c
---  ----  --------  --------  --------
  0  Li    0.954458  0.002045  0.00409
  1  Li    0.545542  0.997955  0.99591
  2  Li    0.360483  0.803587  0.607175
  3  Li    0.139517  0.196413  0.392825
  4  Li    0.213611  0.92147   0.84294
  5  Li    0.690334  0.88746   0.774919
  6  Li    0.286389  0.07853   0.15706
  7  Li    0.809666  0.11254   0.225081
  8  Fe    0.93002   0.800531  0.601062
  9  Fe    0.56998   0.199469  0.398938
 10  Fe    0.449008  0.400929  0.801858
 11  Fe    0.955568  0.407319  0.814638
 12  Fe    0.050992  0.599071  0.198142
 13  Fe    0.544432  0.592681  0.185362
 14  S     0.25      0.5       0
 15  S     0.75      0.5       0
 16  S     0.352344  0.684043  0.368085
 17  S     0.831395  0.683687  0.367375
 18  S     0.147656  0.315957  0.631915
 19  S     0.668605  0.316313  0.632625
 20  O     0.450331  0.902894  0.805787
 21  O     0.952627  0.9041    0.8082
 22  O     0.049669  0.097106  0.194213
 23  O     0.547373  0.0959    0.1918",Li4Fe3S3O2,318.42494850899214,159.21247425449607,2,C2/m,C2/m,C2/m,C2/m,normal,True,200,accurate,2.4e-05,520,2,True,"[0.0, 0.0, 0.0, 0.0]","[-1, 2, -1, -1]","[0.0, 4.0, 0.0, 0.0]",False,True,False,,2000,0.05,0,"[0.6, 0.6, 0.6, 0.6, 0.6, 0.6, 0.6, 0.6, 5, 5, 5, 5, 5, 5, 0.6, 0.6, 0.6, 0.6, 0.6, 0.6, 0.6, 0.6, 0.6, 0.6]",4,1,4.0,2.0,pe,11.0,,3.0,,,,,,,24,-5.1838638179166665
8,li-fe-o-s/extra-search-structures,Li4Fe3S3O4 Enum minimum,d6474c74-bb0f-4f18-bc0c-7d0287762989,uuid: d6474c74-bb0f-4f18-bc0c-7d0287762989 (pk: 533020),d6474c74-bb0f-4f18-bc0c-7d0287762989,Li4Fe3S3O4 Enum minimum,Li8Fe6S6O4 RELAX,7c420c0b-2bcd-475f-9c73-6fcfdcde06a3,-124.41273163,pbe,PBE.54,0.028751621344213,"{'Li': 0.0, 'Fe': 4.0, 'S': 0.0, 'O': 0.0}",relax,uuid: 5f951b43-faf6-4bd6-8141-c0accbbecbc5 (pk: 553729),"Full Formula (Li8 Fe6 S6 O4)
Reduced Formula: Li4Fe3S3O2
abc   :   7.744359   4.043250  10.553366
angles: 101.043962 100.745959  90.000000
Sites (24)
  #  SP           a         b         c
---  ----  --------  --------  --------
  0  Li    0.954458  0.002045  0.00409
  1  Li    0.545542  0.997955  0.99591
  2  Li    0.360483  0.803587  0.607175
  3  Li    0.139517  0.196413  0.392825
  4  Li    0.213611  0.92147   0.84294
  5  Li    0.690334  0.88746   0.774919
  6  Li    0.286389  0.07853   0.15706
  7  Li    0.809666  0.11254   0.225081
  8  Fe    0.93002   0.800531  0.601062
  9  Fe    0.56998   0.199469  0.398938
 10  Fe    0.449008  0.400929  0.801858
 11  Fe    0.955568  0.407319  0.814638
 12  Fe    0.050992  0.599071  0.198142
 13  Fe    0.544432  0.592681  0.185362
 14  S     0.25      0.5       0
 15  S     0.75      0.5       0
 16  S     0.352344  0.684043  0.368085
 17  S     0.831395  0.683687  0.367375
 18  S     0.147656  0.315957  0.631915
 19  S     0.668605  0.316313  0.632625
 20  O     0.450331  0.902894  0.805787
 21  O     0.952627  0.9041    0.8082
 22  O     0.049669  0.097106  0.194213
 23  O     0.547373  0.0959    0.1918","Full Formula (Li8 Fe6 S6 O4)
Reduced Formula: Li4Fe3S3O2
abc   :   7.744359   4.043250  10.553366
angles: 101.043962 100.745959  90.000000
Sites (24)
  #  SP           a         b         c
---  ----  --------  --------  --------
  0  Li    0.954458  0.002045  0.00409
  1  Li    0.545542  0.997955  0.99591
  2  Li    0.360483  0.803587  0.607175
  3  Li    0.139517  0.196413  0.392825
  4  Li    0.213611  0.92147   0.84294
  5  Li    0.690334  0.88746   0.774919
  6  Li    0.286389  0.07853   0.15706
  7  Li    0.809666  0.11254   0.225081
  8  Fe    0.93002   0.800531  0.601062
  9  Fe    0.56998   0.199469  0.398938
 10  Fe    0.449008  0.400929  0.801858
 11  Fe    0.955568  0.407319  0.814638
 12  Fe    0.050992  0.599071  0.198142
 13  Fe    0.544432  0.592681  0.185362
 14  S     0.25      0.5       0
 15  S     0.75      0.5       0
 16  S     0.352344  0.684043  0.368085
 17  S     0.831395  0.683687  0.367375
 18  S     0.147656  0.315957  0.631915
 19  S     0.668605  0.316313  0.632625
 20  O     0.450331  0.902894  0.805787
 21  O     0.952627  0.9041    0.8082
 22  O     0.049669  0.097106  0.194213
 23  O     0.547373  0.0959    0.1918",Li4Fe3S3O2,318.42494850899214,159.21247425449607,2,C2/m,C2/m,C2/m,C2/m,normal,True,200,accurate,2.4e-05,520,2,True,"[0.0, 0.0, 0.0, 0.0]","[-1, 2, -1, -1]","[0.0, 4.0, 0.0, 0.0]",False,True,False,,2000,0.05,0,"[0.6, 0.6, 0.6, 0.6, 0.6, 0.6, 0.6, 0.6, 5, 5, 5, 5, 5, 5, 0.6, 0.6, 0.6, 0.6, 0.6, 0.6, 0.6, 0.6, 0.6, 0.6]",4,1,4.0,2.0,pe,11.0,,3.0,,,,,,,24,-5.1838638179166665
9,li-fe-o-s/extra-search-structures,Li4Fe3S3O4 Enum minimum,d6474c74-bb0f-4f18-bc0c-7d0287762989,uuid: d6474c74-bb0f-4f18-bc0c-7d0287762989 (pk: 533020),d6474c74-bb0f-4f18-bc0c-7d0287762989,Li4Fe3S3O4 Enum minimum,Li4Fe3S3O4 Enum minimum RELAX U=4.0,f62ccd78-5cdd-4614-a6f3-016f2fd41969,-124.41270374,pbe,PBE.54,0.028777483553928,"{'Li': 0.0, 'Fe': 4.0, 'S': 0.0, 'O': 0.0}",relax,uuid: d37fd74e-6785-4bb4-b631-9c3059c130eb (pk: 564940),"Full Formula (Li8 Fe6 S6 O4)
Reduced Formula: Li4Fe3S3O2
abc   :   7.744359   4.043250  10.553366
angles: 101.043962 100.745959  90.000000
Sites (24)
  #  SP           a         b         c
---  ----  --------  --------  --------
  0  Li    0.954458  0.002045  0.00409
  1  Li    0.545542  0.997955  0.99591
  2  Li    0.360483  0.803587  0.607175
  3  Li    0.139517  0.196413  0.392825
  4  Li    0.213611  0.92147   0.84294
  5  Li    0.690334  0.88746   0.774919
  6  Li    0.286389  0.07853   0.15706
  7  Li    0.809666  0.11254   0.225081
  8  Fe    0.93002   0.800531  0.601062
  9  Fe    0.56998   0.199469  0.398938
 10  Fe    0.449008  0.400929  0.801858
 11  Fe    0.955568  0.407319  0.814638
 12  Fe    0.050992  0.599071  0.198142
 13  Fe    0.544432  0.592681  0.185362
 14  S     0.25      0.5       0
 15  S     0.75      0.5       0
 16  S     0.352344  0.684043  0.368085
 17  S     0.831395  0.683687  0.367375
 18  S     0.147656  0.315957  0.631915
 19  S     0.668605  0.316313  0.632625
 20  O     0.450331  0.902894  0.805787
 21  O     0.952627  0.9041    0.8082
 22  O     0.049669  0.097106  0.194213
 23  O     0.547373  0.0959    0.1918","Full Formula (Li8 Fe6 S6 O4)
Reduced Formula: Li4Fe3S3O2
abc   :   7.744359   4.043250  10.553366
angles: 101.043962 100.745959  90.000000
Sites (24)
  #  SP           a         b         c
---  ----  --------  --------  --------
  0  Li    0.954458  0.002045  0.00409
  1  Li    0.545542  0.997955  0.99591
  2  Li    0.360483  0.803587  0.607175
  3  Li    0.139517  0.196413  0.392825
  4  Li    0.213611  0.92147   0.84294
  5  Li    0.690334  0.88746   0.774919
  6  Li    0.286389  0.07853   0.15706
  7  Li    0.809666  0.11254   0.225081
  8  Fe    0.93002   0.800531  0.601062
  9  Fe    0.56998   0.199469  0.398938
 10  Fe    0.449008  0.400929  0.801858
 11  Fe    0.955568  0.407319  0.814638
 12  Fe    0.050992  0.599071  0.198142
 13  Fe    0.544432  0.592681  0.185362
 14  S     0.25      0.5       0
 15  S     0.75      0.5       0
 16  S     0.352344  0.684043  0.368085
 17  S     0.831395  0.683687  0.367375
 18  S     0.147656  0.315957  0.631915
 19  S     0.668605  0.316313  0.632625
 20  O     0.450331  0.902894  0.805787
 21  O     0.952627  0.9041    0.8082
 22  O     0.049669  0.097106  0.194213
 23  O     0.547373  0.0959    0.1918",Li4Fe3S3O2,318.42494850899214,159.21247425449607,2,C2/m,C2/m,C2/m,C2/m,normal,True,200,accurate,2.4e-05,520,2,True,"[0.0, 0.0, 0.0, 0.0]","[-1, 2, -1, -1]","[0.0, 4.0, 0.0, 0.0]",False,True,False,6.0,2000,0.05,0,"[0.6, 0.6, 0.6, 0.6, 0.6, 0.6, 0.6, 0.6, 5, 5, 5, 5, 5, 5, 0.6, 0.6, 0.6, 0.6, 0.6, 0.6, 0.6, 0.6, 0.6, 0.6]",4,1,4.0,2.0,,,,,,,,,,,24,-5.183862655833333
10,li-fe-o-s/extra-search-structures,Li4Fe3S3O4 Enum minimum,d6474c74-bb0f-4f18-bc0c-7d0287762989,uuid: d6474c74-bb0f-4f18-bc0c-7d0287762989 (pk: 533020),d6474c74-bb0f-4f18-bc0c-7d0287762989,Li4Fe3S3O4 Enum minimum,Li4Fe3S3O4 Enum minimum HSE06,610992eb-8546-4a9b-ae37-1d173e8ad546,-177.23020717,hse06,PBE.54,0.02912285329751,"{'Li': 0.0, 'Fe': 0.0, 'S': 0.0, 'O': 0.0}",relax,uuid: 1d93d53d-fc00-4ece-b960-a64f6dc3762c (pk: 565143),"Full Formula (Li8 Fe6 S6 O4)
Reduced Formula: Li4Fe3S3O2
abc   :   7.744359   4.043250  10.553366
angles: 101.043962 100.745959  90.000000
Sites (24)
  #  SP           a         b         c
---  ----  --------  --------  --------
  0  Li    0.954458  0.002045  0.00409
  1  Li    0.545542  0.997955  0.99591
  2  Li    0.360483  0.803587  0.607175
  3  Li    0.139517  0.196413  0.392825
  4  Li    0.213611  0.92147   0.84294
  5  Li    0.690334  0.88746   0.774919
  6  Li    0.286389  0.07853   0.15706
  7  Li    0.809666  0.11254   0.225081
  8  Fe    0.93002   0.800531  0.601062
  9  Fe    0.56998   0.199469  0.398938
 10  Fe    0.449008  0.400929  0.801858
 11  Fe    0.955568  0.407319  0.814638
 12  Fe    0.050992  0.599071  0.198142
 13  Fe    0.544432  0.592681  0.185362
 14  S     0.25      0.5       0
 15  S     0.75      0.5       0
 16  S     0.352344  0.684043  0.368085
 17  S     0.831395  0.683687  0.367375
 18  S     0.147656  0.315957  0.631915
 19  S     0.668605  0.316313  0.632625
 20  O     0.450331  0.902894  0.805787
 21  O     0.952627  0.9041    0.8082
 22  O     0.049669  0.097106  0.194213
 23  O     0.547373  0.0959    0.1918","Full Formula (Li8 Fe6 S6 O4)
Reduced Formula: Li4Fe3S3O2
abc   :   7.551972   4.091263  10.404399
angles: 101.338918 100.437387  90.000000
Sites (24)
  #  SP           a         b         c
---  ----  --------  --------  --------
  0  Li    0.953746  0.002695  0.005389
  1  Li    0.546254  0.997305  0.994611
  2  Li    0.360785  0.80564   0.611279
  3  Li    0.139215  0.19436   0.388721
  4  Li    0.217045  0.921328  0.842657
  5  Li    0.686402  0.887847  0.775694
  6  Li    0.282955  0.078672  0.157343
  7  Li    0.813598  0.112153  0.224306
  8  Fe    0.931373  0.801387  0.602774
  9  Fe    0.568627  0.198613  0.397226
 10  Fe    0.446208  0.400496  0.800993
 11  Fe    0.955233  0.407271  0.814541
 12  Fe    0.053792  0.599504  0.199007
 13  Fe    0.544767  0.592729  0.185459
 14  S     0.25      0.5       0
 15  S     0.75      0.5       0
 16  S     0.352223  0.684361  0.368722
 17  S     0.832409  0.683928  0.367855
 18  S     0.147777  0.315639  0.631278
 19  S     0.667591  0.316072  0.632145
 20  O     0.450514  0.90327   0.80654
 21  O     0.952127  0.90371   0.80742
 22  O     0.049486  0.09673   0.19346
 23  O     0.547873  0.09629   0.19258",Li4Fe3S3O2,309.7643451645723,154.88217258228616,2,C2/m,C2/m,C2/m,C2/m,all,,200,accurate,2.4e-05,520,2,True,,,,False,True,True,8.0,2000,0.05,0,"[0.6, 0.6, 0.6, 0.6, 0.6, 0.6, 0.6, 0.6, 5, 5, 5, 5, 5, 5, 0.6, 0.6, 0.6, 0.6, 0.6, 0.6, 0.6, 0.6, 0.6, 0.6]",4,1,,,pe,11.0,18.0,,0.25,0.3,True,0.207,4.0,fast,24,-7.384591965416667
11,li-fe-o-s/extra-search-structures,LFSO-Li2Fe3S2O2-201022-171823-c39cef MODE PUSH RELAXED RELAXED q_003,bc8867ff-c442-4b59-b264-9311d0d29156,uuid: bc8867ff-c442-4b59-b264-9311d0d29156 (pk: 560822),bc8867ff-c442-4b59-b264-9311d0d29156,LFSO-Li2Fe3S2O2-201022-171823-c39cef MODE PUSH RELAXED RELAXED q_003,LFSO-Li2Fe3S2O2-201022-171823-c39cef MODE PUSH RELAXED RELAXED q_003 RELAX U=4.0,864f886b-eaef-4bbb-b74a-3c74978eb3be,-50.17593918,pbe,PBE.54,0.029553391560065,"{'Li': 0.0, 'O': 0.0, 'S': 0.0, 'Fe': 4.0}",relax,uuid: 86703a7e-7fef-459c-b8d6-983400279a63 (pk: 567040),"Full Formula (Li2 Fe3 S2 O2)
Reduced Formula: Li2Fe3(SO)2
abc   :   3.831798   5.661299   5.661793
angles:  90.778113  89.999994  89.999996
Sites (9)
  #  SP           a         b         c
---  ----  --------  --------  --------
  0  Li    0.318174  0.533133  0.958859
  1  Li    0.318178  0.959184  0.532795
  2  O     0.31816   0.246428  0.74501
  3  O     0.318141  0.745003  0.246268
  4  S     0.81814   0.230496  0.230551
  5  S     0.818142  0.758203  0.758026
  6  Fe    0.81814   0.668703  0.313173
  7  Fe    0.818163  0.313189  0.668709
  8  Fe    0.318156  0.024068  0.023985","Full Formula (Li2 Fe3 S2 O2)
Reduced Formula: Li2Fe3(SO)2
abc   :   3.854319   5.677434   5.678091
angles:  91.302984  90.002959  90.001156
Sites (9)
  #  SP           a         b         c
---  ----  --------  --------  --------
  0  Li    0.318344  0.534748  0.956521
  1  Li    0.318345  0.956804  0.534461
  2  O     0.318139  0.24161   0.749222
  3  O     0.318131  0.74919   0.241406
  4  S     0.81796   0.235242  0.235347
  5  S     0.818242  0.751475  0.751265
  6  Fe    0.818192  0.672355  0.307902
  7  Fe    0.818177  0.307986  0.672346
  8  Fe    0.317864  0.028996  0.028904",Li2Fe3(SO)2,124.21951052018755,124.21951052018755,1,P1,P1,Amm2,Amm2,normal,True,200,accurate,9e-06,520,2,True,"[0.0, 0.0, 0.0, 0.0]","[-1, -1, -1, 2]","[0.0, 0.0, 0.0, 4.0]",False,True,False,6.0,2000,0.05,0,"[0.6, 0.6, 0.6, 0.6, 0.6, 0.6, 5, 5, 5]",4,1,4.0,2.0,,,,,,,,,,,9,-5.575104353333334
12,li-fe-o-s/extra-search-structures,LFSO-Li2Fe3S2O2-201022-171823-c39cef MODE PUSH RELAXED RELAXED q_003,bc8867ff-c442-4b59-b264-9311d0d29156,uuid: bc8867ff-c442-4b59-b264-9311d0d29156 (pk: 560822),bc8867ff-c442-4b59-b264-9311d0d29156,LFSO-Li2Fe3S2O2-201022-171823-c39cef MODE PUSH RELAXED RELAXED q_003,Li2O2S2Fe3 RELAX,2eb7d9eb-1ac7-4399-b17f-3542a92178f7,-50.17594092,pbe,PBE.54,0.029448649812183,"{'Li': 0.0, 'O': 0.0, 'S': 0.0, 'Fe': 4.0}",relax,uuid: 48abf5f5-60fd-4a2e-8e60-7e4a1ebd37e7 (pk: 566123),"Full Formula (Li2 Fe3 S2 O2)
Reduced Formula: Li2Fe3(SO)2
abc   :   3.831798   5.661299   5.661793
angles:  90.778113  89.999994  89.999996
Sites (9)
  #  SP           a         b         c
---  ----  --------  --------  --------
  0  Li    0.318174  0.533133  0.958859
  1  Li    0.318178  0.959184  0.532795
  2  O     0.31816   0.246428  0.74501
  3  O     0.318141  0.745003  0.246268
  4  S     0.81814   0.230496  0.230551
  5  S     0.818142  0.758203  0.758026
  6  Fe    0.81814   0.668703  0.313173
  7  Fe    0.818163  0.313189  0.668709
  8  Fe    0.318156  0.024068  0.023985","Full Formula (Li2 Fe3 S2 O2)
Reduced Formula: Li2Fe3(SO)2
abc   :   3.854343   5.677421   5.678076
angles:  91.303504  90.002868  90.001147
Sites (9)
  #  SP           a         b         c
---  ----  --------  --------  --------
  0  Li    0.318344  0.534753  0.956516
  1  Li    0.318345  0.956799  0.534466
  2  O     0.318136  0.241609  0.749221
  3  O     0.318134  0.749188  0.241405
  4  S     0.81796   0.235245  0.235349
  5  S     0.818242  0.751473  0.751263
  6  Fe    0.818189  0.672354  0.307901
  7  Fe    0.81818   0.307984  0.672344
  8  Fe    0.317864  0.029002  0.02891",Li2Fe3(SO)2,124.219654533166,124.219654533166,1,P1,P1,Amm2,Amm2,normal,True,200,accurate,9e-06,520,2,True,"[0.0, 0.0, 0.0, 0.0]","[-1, -1, -1, 2]","[0.0, 0.0, 0.0, 4.0]",False,True,False,8.0,2000,0.05,0,"[0.6, 0.6, 0.6, 0.6, 0.6, 0.6, 5, 5, 5]",4,1,4.0,2.0,pe,11.0,2.0,,,,,,,,9,-5.575104546666667
13,li-fe-o-s/extra-search-structures,LFSO-Li2Fe4S3O2-201025-153957-9403b6 MODE PUSHED RELAXED UNFINISHED,d270e70c-7286-4244-b9bb-7e3524526c2e,uuid: d270e70c-7286-4244-b9bb-7e3524526c2e (pk: 574580),d270e70c-7286-4244-b9bb-7e3524526c2e,LFSO-Li2Fe4S3O2-201025-153957-9403b6 MODE PUSHED RELAXED UNFINISHED,Li4O4S6Fe8 RELAX,b21e761e-50da-4658-b6ce-eb5ca30b0bd7,-122.27564079,pbe,PBE.54,0.0056317577882043,"{'Li': 0.0, 'O': 0.0, 'S': 0.0, 'Fe': 4.0}",relax,uuid: 85c723b8-41e1-4b2d-8a4c-cd033365732b (pk: 575975),"Full Formula (Li4 Fe8 S6 O4)
Reduced Formula: Li2Fe4S3O2
abc   :   5.556117   5.558726  10.569539
angles:  90.000000 105.223350  90.000000
Sites (22)
  #  SP           a         b         c
---  ----  --------  --------  --------
  0  Li    0.581195  0.940309  0.161412
  1  Li    0.08883   0.440671  0.175663
  2  Li    0.91117   0.940671  0.824337
  3  Li    0.418805  0.440309  0.838588
  4  O     0.152975  0.191554  0.80313
  5  O     0.650269  0.690108  0.802889
  6  O     0.349731  0.190108  0.197111
  7  O     0.847025  0.691554  0.19687
  8  S     0.436386  0.694535  0.370875
  9  S     0.932877  0.19384   0.370703
 10  S     0.067123  0.69384   0.629297
 11  S     0.563614  0.194535  0.629125
 12  S     0.248267  0.690704  5e-05
 13  S     0.751733  0.190704  0.99995
 14  Fe    0.06677   0.183759  0.606439
 15  Fe    0.534112  0.66883   0.606419
 16  Fe    0.465888  0.16883   0.393581
 17  Fe    0.93323   0.683759  0.393561
 18  Fe    0.077611  0.940849  0.156023
 19  Fe    0.57642   0.440444  0.153287
 20  Fe    0.42358   0.940444  0.846713
 21  Fe    0.922389  0.440849  0.843977","Full Formula (Li4 Fe8 S6 O4)
Reduced Formula: Li2Fe4S3O2
abc   :   5.556117   5.558726  10.569539
angles:  90.000000 105.223350  90.000000
Sites (22)
  #  SP           a         b         c
---  ----  --------  --------  --------
  0  Li    0.581195  0.940309  0.161412
  1  Li    0.08883   0.440671  0.175663
  2  Li    0.91117   0.940671  0.824337
  3  Li    0.418805  0.440309  0.838588
  4  O     0.152975  0.191554  0.80313
  5  O     0.650269  0.690108  0.802889
  6  O     0.349731  0.190108  0.197111
  7  O     0.847025  0.691554  0.19687
  8  S     0.436386  0.694535  0.370875
  9  S     0.932877  0.19384   0.370703
 10  S     0.067123  0.69384   0.629297
 11  S     0.563614  0.194535  0.629125
 12  S     0.248267  0.690704  5e-05
 13  S     0.751733  0.190704  0.99995
 14  Fe    0.06677   0.183759  0.606439
 15  Fe    0.534112  0.66883   0.606419
 16  Fe    0.465888  0.16883   0.393581
 17  Fe    0.93323   0.683759  0.393561
 18  Fe    0.077611  0.940849  0.156023
 19  Fe    0.57642   0.440444  0.153287
 20  Fe    0.42358   0.940444  0.846713
 21  Fe    0.922389  0.440849  0.843977",Li2Fe4S3O2,314.98459374497395,157.49229687248697,2,P2_1,P2_1,P2_1,P2_1,normal,True,200,accurate,2.2e-05,520,2,True,"[0.0, 0.0, 0.0, 0.0]","[-1, -1, -1, 2]","[0.0, 0.0, 0.0, 4.0]",False,True,False,6.0,2000,0.05,0,"[0.6, 0.6, 0.6, 0.6, 0.6, 0.6, 0.6, 0.6, 0.6, 0.6, 0.6, 0.6, 0.6, 0.6, 5, 5, 5, 5, 5, 5, 5, 5]",4,1,4.0,2.0,pe,11.0,1.0,,,,,,,,22,-5.557983672272727
14,li-fe-o-s/extra-search-structures,LFSO-Li2Fe4S3O2-201025-153957-9403b6 MODE PUSHED RELAXED UNFINISHED,d270e70c-7286-4244-b9bb-7e3524526c2e,uuid: d270e70c-7286-4244-b9bb-7e3524526c2e (pk: 574580),d270e70c-7286-4244-b9bb-7e3524526c2e,LFSO-Li2Fe4S3O2-201025-153957-9403b6 MODE PUSHED RELAXED UNFINISHED,Li4O4S6Fe8 RELAX,c06b6eea-23a8-443c-90e4-515ee88948a5,-122.27572868,pbe,PBE.54,0.0058059596548547,"{'Li': 0.0, 'O': 0.0, 'S': 0.0, 'Fe': 4.0}",relax,uuid: fc27bc7c-f7f1-4c2e-abda-76b8735382d6 (pk: 576239),"Full Formula (Li4 Fe8 S6 O4)
Reduced Formula: Li2Fe4S3O2
abc   :   5.556117   5.558726  10.569539
angles:  90.000000 105.223350  90.000000
Sites (22)
  #  SP           a         b         c
---  ----  --------  --------  --------
  0  Li    0.581195  0.940309  0.161412
  1  Li    0.08883   0.440671  0.175663
  2  Li    0.91117   0.940671  0.824337
  3  Li    0.418805  0.440309  0.838588
  4  O     0.152975  0.191554  0.80313
  5  O     0.650269  0.690108  0.802889
  6  O     0.349731  0.190108  0.197111
  7  O     0.847025  0.691554  0.19687
  8  S     0.436386  0.694535  0.370875
  9  S     0.932877  0.19384   0.370703
 10  S     0.067123  0.69384   0.629297
 11  S     0.563614  0.194535  0.629125
 12  S     0.248267  0.690704  5e-05
 13  S     0.751733  0.190704  0.99995
 14  Fe    0.06677   0.183759  0.606439
 15  Fe    0.534112  0.66883   0.606419
 16  Fe    0.465888  0.16883   0.393581
 17  Fe    0.93323   0.683759  0.393561
 18  Fe    0.077611  0.940849  0.156023
 19  Fe    0.57642   0.440444  0.153287
 20  Fe    0.42358   0.940444  0.846713
 21  Fe    0.922389  0.440849  0.843977","Full Formula (Li4 Fe8 S6 O4)
Reduced Formula: Li2Fe4S3O2
abc   :   5.556117   5.558726  10.569539
angles:  90.000000 105.223350  90.000000
Sites (22)
  #  SP           a         b         c
---  ----  --------  --------  --------
  0  Li    0.581195  0.940309  0.161412
  1  Li    0.08883   0.440671  0.175663
  2  Li    0.91117   0.940671  0.824337
  3  Li    0.418805  0.440309  0.838588
  4  O     0.152975  0.191554  0.80313
  5  O     0.650269  0.690108  0.802889
  6  O     0.349731  0.190108  0.197111
  7  O     0.847025  0.691554  0.19687
  8  S     0.436386  0.694535  0.370875
  9  S     0.932877  0.19384   0.370703
 10  S     0.067123  0.69384   0.629297
 11  S     0.563614  0.194535  0.629125
 12  S     0.248267  0.690704  5e-05
 13  S     0.751733  0.190704  0.99995
 14  Fe    0.06677   0.183759  0.606439
 15  Fe    0.534112  0.66883   0.606419
 16  Fe    0.465888  0.16883   0.393581
 17  Fe    0.93323   0.683759  0.393561
 18  Fe    0.077611  0.940849  0.156023
 19  Fe    0.57642   0.440444  0.153287
 20  Fe    0.42358   0.940444  0.846713
 21  Fe    0.922389  0.440849  0.843977",Li2Fe4S3O2,314.98459374497395,157.49229687248697,2,P2_1,P2_1,P2_1,P2_1,all,True,200,accurate,2.2e-05,520,2,True,"[0.0, 0.0, 0.0, 0.0]","[-1, -1, -1, 2]","[0.0, 0.0, 0.0, 4.0]",False,True,False,6.0,2000,0.05,0,"[0.6, 0.6, 0.6, 0.6, 0.6, 0.6, 0.6, 0.6, 0.6, 0.6, 0.6, 0.6, 0.6, 0.6, 5, 5, 5, 5, 5, 5, 5, 5]",4,1,4.0,2.0,pe,11.0,1.0,,,,,,,,22,-5.5579876672727275
