label,natoms,enthalpy,volume,pressure,symmetry,formula,nform
LFSO-Li2Fe2S2O-201021-223949-c37d87,21,-452.47529714285713,24.163171333333334,-0.2368,(Pmm2),Fe2Li2OS2,3
LFSO-Li2Fe2S2O-201021-224116-b89d3a,21,-452.8534390476191,21.209466666666668,0.0288,(P31),Fe2Li2OS2,3
LFSO-Li2Fe2S2O-201021-224133-4b3c93,7,-452.61071714285714,19.08587442857143,0.0863,(R3m),Fe2Li2OS2,1
LFSO-Li2Fe2S2O-201021-224137-adf85d,14,-452.8051778571429,20.335382071428572,-0.0042,(P-1),Fe2Li2OS2,2
LFSO-Li2Fe2S2O-201021-224146-9e6224,21,-452.70441190476186,33.725288666666664,0.0147,(Cm),Fe2Li2OS2,3
LFSO-Li2Fe2S2O-201021-224512-7779a9,21,-452.5375689440476,18.369554904761905,-0.173,(Pm),Fe2Li2OS2,3
LFSO-Li2Fe2S2O-201021-224622-d5feb9,14,-452.71224785714287,18.45319107142857,0.0039,(R3),Fe2Li2OS2,2
LFSO-Li2Fe2S2O-201021-224630-151c5c,7,-452.6437228571429,29.806356571428573,-0.072,(Pm),Fe2Li2OS2,1
LFSO-Li2Fe2S2O-201021-224630-e5bac5,14,-452.64267,31.113954928571427,-0.0515,(R3),Fe2Li2OS2,2
LFSO-Li2Fe2S2O-201021-224700-957a3c,7,-452.5922257142857,18.828945285714287,0.0042,(Fmm2),Fe2Li2OS2,1
LFSO-Li2Fe2S2O-201021-225103-c03166,21,-452.46926571428565,25.013582095238093,-0.3618,(Imm2),Fe2Li2OS2,3
LFSO-Li2Fe2S2O-201021-225443-a91363,7,-452.67947714285714,23.94420285714286,0.0496,(Cmm2),Fe2Li2OS2,1
LFSO-Li2Fe2S2O-201021-225641-91cc7c,7,-452.63232571428574,21.634750714285712,0.0088,(C2/m),Fe2Li2OS2,1
LFSO-Li2Fe2S2O-201021-225957-9d33f9,21,-452.7110847619047,19.734120380952383,-0.0268,(I222),Fe2Li2OS2,3
LFSO-Li2Fe2S2O-201021-230040-cd4d51,7,-452.57156714285713,20.281993857142858,2.3196,(P3m1),Fe2Li2OS2,1
LFSO-Li2Fe2S2O-201021-230347-68ae3d,21,-452.86551,16.95047895238095,-0.0828,(P31),Fe2Li2OS2,3
LFSO-Li2Fe2S2O-201021-230352-81306a,14,-452.7636457142857,18.508853,-0.0322,(R3),Fe2Li2OS2,2
LFSO-Li2Fe2S2O-201021-230631-84e038,14,-452.29979999999995,16.925088071428572,0.0284,(Pba2),Fe2Li2OS2,2
LFSO-Li2Fe2S2O-201021-230730-0607e3,14,-452.8480907142857,16.114341500000002,-0.0209,(Aem2),Fe2Li2OS2,2
LFSO-Li2Fe2S2O-201021-230848-2a54b6,7,-451.6735842857143,31.44270142857143,0.0003,(Pmmm),Fe2Li2OS2,1
LFSO-Li2Fe2S2O-201021-230906-c04296,7,-452.44181285714285,13.982130142857143,-0.0868,(R3m),Fe2Li2OS2,1
LFSO-Li2Fe2S2O-201021-231030-34bd0e,21,-452.7377621412381,27.277423095238095,0.0222,(Cm),Fe2Li2OS2,3
LFSO-Li2Fe2S2O-201021-231221-c760a4,7,-452.56379857142855,16.662803571428572,0.0712,(R3m),Fe2Li2OS2,1
LFSO-Li2Fe2S2O-201021-231237-19cfb9,14,-452.65842642857143,37.81951935714285,0.7699,(Cm),Fe2Li2OS2,2
LFSO-Li2Fe2S2O-201021-231415-8cbb97,14,-452.64649285714285,18.283759571428572,0.0189,(R3),Fe2Li2OS2,2
LFSO-Li2Fe2S2O-201021-231629-c5f037,7,-452.6635671428571,17.260660285714287,-0.0176,(R3m),Fe2Li2OS2,1
LFSO-Li2Fe2S2O-201021-231808-6e7bef,14,-452.86711857142853,23.623791642857146,0.0001,(P21),Fe2Li2OS2,2
LFSO-Li2Fe2S2O-201021-231841-b65372,14,-452.71447785714287,22.35375535714286,-0.0105,(Cmc21),Fe2Li2OS2,2
LFSO-Li2Fe2S2O-201021-231945-7f0839,7,-452.54668285714286,24.564722714285715,0.0318,(P3m1),Fe2Li2OS2,1
LFSO-Li2Fe2S2O-201021-232109-7e32ee,7,-452.42328,19.30011557142857,-0.0154,(Cm),Fe2Li2OS2,1
LFSO-Li2Fe2S2O-201021-232123-ab49e7,21,-452.77153380952376,22.46062357142857,-0.0673,(Imm2),Fe2Li2OS2,3
LFSO-Li2Fe2S2O-201021-232138-3994d7,14,-452.7936121428571,17.810354928571428,0.0271,(C2),Fe2Li2OS2,2
LFSO-Li2Fe2S2O-201021-232557-6a4289,14,-452.68355142857143,24.97093757142857,-0.0553,(P21/m),Fe2Li2OS2,2
LFSO-Li2Fe2S2O-201021-232809-9156d1,21,-452.7453757142857,19.025868666666668,-0.0062,(R3),Fe2Li2OS2,3
LFSO-Li2Fe2S2O-201021-233111-5e5e24,14,-452.8476578571429,16.242461714285714,-0.0079,(Cc),Fe2Li2OS2,2
LFSO-Li2Fe2S2O-201021-233120-bd72eb,7,-452.3571285714285,16.802987857142856,-0.0366,(P2),Fe2Li2OS2,1
LFSO-Li2Fe2S2O-201021-233153-08a0e4,7,-452.6776142857143,15.584781428571429,0.0178,(R3m),Fe2Li2OS2,1
LFSO-Li2Fe2S2O-201021-233335-8aef97,7,-452.34007,20.945745714285714,0.0239,(Pmm2),Fe2Li2OS2,1
LFSO-Li2Fe2S2O-201021-233343-db463f,21,-452.7048071428572,18.62686857142857,-0.0187,(F222),Fe2Li2OS2,3
LFSO-Li2Fe2S2O-201021-233610-04c85c,7,-452.1264942857143,15.047136142857143,0.0266,(P4mm),Fe2Li2OS2,1
LFSO-Li2Fe2S2O-201021-233913-644b21,21,-452.7563933333334,24.002166047619045,0.0372,(C2),Fe2Li2OS2,3
LFSO-Li2Fe2S2O-201021-233915-55b996,14,-452.852515,18.070911785714284,0.0125,(Fdd2),Fe2Li2OS2,2
LFSO-Li2Fe2S2O-201021-234142-4abacc,7,-452.6966614285715,14.297296857142857,-0.0097,(R3m),Fe2Li2OS2,1
LFSO-Li2Fe2S2O-201021-234231-8e9ef7,7,-451.9372042857143,20.31134342857143,-0.0104,(F222),Fe2Li2OS2,1
LFSO-Li2Fe2S2O-201021-234305-403890,14,-452.3509714285714,23.14080557142857,-0.0227,(Pnc2),Fe2Li2OS2,2
LFSO-Li2Fe2S2O-201021-234353-cd6c30,7,-452.7720628571428,21.222788428571427,0.0072,(P-1),Fe2Li2OS2,1
LFSO-Li2Fe2S2O-201021-234427-5000db,14,-452.78256999999996,16.62868507142857,-0.0118,(Aea2),Fe2Li2OS2,2
LFSO-Li2Fe2S2O-201021-234621-9bcab7,7,-452.8143142857143,17.76816,0.0589,(Cm),Fe2Li2OS2,1
LFSO-Li2Fe2S2O-201021-234640-56b0b2,14,-452.3425764285715,17.299603214285714,0.026,(R3),Fe2Li2OS2,2
LFSO-Li2Fe2S2O-201021-234659-e64025,7,-452.6427442857143,22.199125142857145,0.0243,(Amm2),Fe2Li2OS2,1
LFSO-Li2Fe2S2O-201021-234713-91c35b,21,-452.87985904761905,17.215706142857144,0.2181,(P32),Fe2Li2OS2,3
LFSO-Li2Fe2S2O-201021-234832-b2fccc,14,-452.31494000000004,21.3832355,0.0021,(Pc),Fe2Li2OS2,2
LFSO-Li2Fe2S2O-201022-001000-889fdf,21,-452.2664047619047,23.072074047619047,-0.6409,(P222),Fe2Li2OS2,3
LFSO-Li2Fe2S2O-201022-001044-10bcf4,7,-452.7266814285714,34.70913514285714,0.1237,(P2/m),Fe2Li2OS2,1
LFSO-Li2Fe2S2O-201022-001044-3280dd,7,-452.68636428571426,15.960098,-0.0105,(P3m1),Fe2Li2OS2,1
LFSO-Li2Fe2S2O-201022-001044-b25015,7,-452.75935571428573,15.354319285714285,-0.0095,(P3m1),Fe2Li2OS2,1
LFSO-Li2Fe2S2O-201022-001822-ac0a16,21,-452.76616,20.184577857142855,-0.4217,(Cm),Fe2Li2OS2,3
LFSO-Li2Fe2S2O-201022-001917-06c18b,7,-452.2887942857143,15.068437571428571,0.0275,(Pm),Fe2Li2OS2,1
LFSO-Li2Fe2S2O-201022-002015-82a032,14,-452.7405585714286,17.00339042857143,-0.0355,(R3),Fe2Li2OS2,2
LFSO-Li2Fe2S2O-201022-002107-df915f,21,-452.73289131471427,19.062646333333333,-0.0189,(C2),Fe2Li2OS2,3
LFSO-Li2Fe2S2O-201022-002109-2f5d90,21,-452.76513238095237,20.43805780952381,0.0098,(R3),Fe2Li2OS2,3
LFSO-Li2Fe2S2O-201022-002109-ad6fab,7,-452.30530714285715,20.524175714285715,0.0317,(P3m1),Fe2Li2OS2,1
LFSO-Li2Fe2S2O-201022-002206-7e47d2,14,-452.70268142857145,18.69455407142857,-0.0185,(P3),Fe2Li2OS2,2
LFSO-Li2Fe2S2O-201022-003012-54c436,7,-452.4350014285714,20.400550000000003,0.0273,(C2),Fe2Li2OS2,1
LFSO-Li2Fe2S2O-201022-003702-eb3f99,7,-452.63498,19.378228571428572,-0.0061,(Amm2),Fe2Li2OS2,1
LFSO-Li2Fe2S2O-201022-003709-6b9794,7,-452.52899285714284,34.657282714285714,-0.0382,(Pmmm),Fe2Li2OS2,1
LFSO-Li2Fe2S2O-201022-003710-4e2e8c,14,-452.7619314285715,17.81221842857143,-0.009,(Pc),Fe2Li2OS2,2
LFSO-Li2Fe2S2O-201022-003719-1c2da9,14,-452.7620035714286,21.868337714285712,-0.0301,(P2/m),Fe2Li2OS2,2
LFSO-Li2Fe2S2O-201022-003745-0d0ed6,14,-452.6775192857143,20.191815785714287,-0.0161,(I222),Fe2Li2OS2,2
LFSO-Li2Fe2S2O-201022-003754-c78716,21,-452.231499047619,24.78885161904762,0.0165,(Amm2),Fe2Li2OS2,3
LFSO-Li2Fe2S2O-201022-003814-bd12f3,14,-452.9133185714286,17.413242785714285,0.0131,(Fdd2),Fe2Li2OS2,2
LFSO-Li2Fe2S2O-201022-003814-c53e38,14,-452.5760971428571,19.922272071428573,0.0525,(R3),Fe2Li2OS2,2
LFSO-Li2Fe2S2O-201022-003843-f9f0f5,7,-452.2084114285714,22.84225442857143,2.0539,(P3m1),Fe2Li2OS2,1
LFSO-Li2Fe2S2O-201022-003916-456d97,7,-452.69545285714287,26.134184142857144,-0.0344,(Pm),Fe2Li2OS2,1
LFSO-Li2Fe2S2O-201022-010412-6f927d,14,-452.4854192857143,19.408244357142856,0.074,(R3),Fe2Li2OS2,2
LFSO-Li2Fe2S2O-201022-010413-a9a118,14,-452.68678857142856,28.870130857142858,-0.3944,(R3),Fe2Li2OS2,2
LFSO-Li2Fe2S2O-201022-010616-fbb1b9,7,-452.8556571428571,18.421382285714287,0.0043,(P-1),Fe2Li2OS2,1
LFSO-Li2Fe2S2O-201022-010758-588b9b,14,-452.7364607142857,15.41176342857143,0.0088,(R3),Fe2Li2OS2,2
LFSO-Li2Fe2S2O-201022-010816-e08a3d,14,-452.6640385714286,17.512614142857142,-0.0139,(R3),Fe2Li2OS2,2
LFSO-Li2Fe2S2O-201022-010843-43db09,14,-452.69390428571427,18.911272642857142,-0.0437,(R3),Fe2Li2OS2,2
LFSO-Li2Fe2S2O-201022-010851-5cd8e5,7,-452.3485871428571,32.10209242857143,-0.0066,(Imm2),Fe2Li2OS2,1
LFSO-Li2Fe2S2O-201022-011054-d3de58,14,-452.303715,21.27546057142857,0.0962,(P3),Fe2Li2OS2,2
LFSO-Li2Fe2S2O-201022-011103-cd8314,21,-452.8223933333333,20.703478238095236,-0.01,(P31),Fe2Li2OS2,3
LFSO-Li2Fe2S2O-201022-011105-ec6267,14,-452.69184428571424,16.417019357142856,0.0061,(R3),Fe2Li2OS2,2
LFSO-Li2Fe2S2O-201022-011508-4ccd25,7,-452.4205942857143,22.608511571428572,0.0119,(P2),Fe2Li2OS2,1
LFSO-Li2Fe2S2O-201022-011529-73a329,7,-452.1818242857143,32.508409,0.0574,(Fmm2),Fe2Li2OS2,1
LFSO-Li2Fe2S2O-201022-011541-34068e,21,-452.2182004761905,22.726353380952382,0.1984,(P222),Fe2Li2OS2,3
LFSO-Li2Fe2S2O-201022-011559-626863,21,-452.6037695238095,26.106685714285714,0.0219,(P3),Fe2Li2OS2,3
LFSO-Li2Fe2S2O-201022-011604-2867c6,7,-452.42005714285716,18.208831285714286,-0.0014,(Amm2),Fe2Li2OS2,1
LFSO-Li2Fe2S2O-201022-011725-ceadfe,21,-452.6448676190476,27.199899142857145,-0.0157,(P3),Fe2Li2OS2,3
LFSO-Li2Fe2S2O-201022-011734-76d16a,7,-452.39344,20.620995714285716,0.0009,(Pm),Fe2Li2OS2,1
LFSO-Li2Fe2S2O-201022-011806-975ced,14,-452.8327357142857,16.288185785714287,-0.0039,(P21/c),Fe2Li2OS2,2
LFSO-Li2Fe2S2O-201022-011901-fb527a,21,-452.7180203868571,34.278511809523806,0.3298,(Pm),Fe2Li2OS2,3
LFSO-Li2Fe2S2O-201022-012011-d51f56,7,-452.20325428571425,17.528804714285716,0.0612,(P3m1),Fe2Li2OS2,1
LFSO-Li2Fe2S2O-201022-012021-563206,7,-452.5321,18.551003142857144,0.0842,(P3m1),Fe2Li2OS2,1
LFSO-Li2Fe2S2O-201022-012112-a538d2,14,-452.5126392857143,19.4743555,-0.0294,(R3),Fe2Li2OS2,2
LFSO-Li2Fe2S2O-201022-012240-73b1a2,14,-452.66496,31.219858785714283,-0.011,(P21/m),Fe2Li2OS2,2
LFSO-Li2Fe2S2O-201022-012316-a6b77c,7,-452.4962357142857,24.190369285714286,0.056,(Pm),Fe2Li2OS2,1
LFSO-Li2Fe2S2O-201022-012413-049049,14,-452.86735285714286,19.030459714285715,-0.028,(P-1),Fe2Li2OS2,2
LFSO-Li2Fe2S2O-201022-012413-8f567e,14,-452.56615571428574,22.30594285714286,-0.0094,(Cm),Fe2Li2OS2,2
LFSO-Li2Fe2S2O-201022-012509-b5d9c2,21,-452.676491904762,28.424642380952385,-0.0533,(Cm),Fe2Li2OS2,3
LFSO-Li2Fe2S2O-201022-012550-458d39,7,-452.71504428571427,28.652979285714284,0.0914,(P2),Fe2Li2OS2,1
LFSO-Li2Fe2S2O-201022-012554-247284,7,-452.1389,14.88117142857143,0.0579,(P4mm),Fe2Li2OS2,1
LFSO-Li2Fe2S2O-201022-012756-fed591,7,-452.67568857142857,27.861010571428572,0.0431,(Fmm2),Fe2Li2OS2,1
LFSO-Li2Fe2S2O-201022-012835-66c727,14,-452.869525,16.68242807142857,-0.0212,(P-1),Fe2Li2OS2,2
LFSO-Li2Fe2S2O-201022-012905-800578,14,-452.64216500000003,20.6856505,-0.0729,(R3),Fe2Li2OS2,2
LFSO-Li2Fe2S2O-201022-012905-986eef,7,-452.8345228571429,17.766889857142857,-0.0254,(C2),Fe2Li2OS2,1
LFSO-Li2Fe2S2O-201022-012906-0ee647,14,-452.7362764285714,16.323423785714287,-0.0342,(R3),Fe2Li2OS2,2
LFSO-Li2Fe2S2O-201022-012916-94e07c,14,-452.53175571428574,20.944828285714287,0.0083,(Pc),Fe2Li2OS2,2
LFSO-Li2Fe2S2O-201022-012959-b68992,14,-452.87340428571423,19.026134142857142,0.0088,(Aea2),Fe2Li2OS2,2
LFSO-Li2Fe2S2O-201022-013136-4a3f5b,21,-452.7494342857143,22.205402285714285,0.0516,(P2),Fe2Li2OS2,3
LFSO-Li2Fe2S2O-201022-013305-c6d55e,14,-452.6989792857143,27.880089714285713,0.7922,(Pmc21),Fe2Li2OS2,2
LFSO-Li2Fe2S2O-201022-013328-6b0865,7,-452.66586,15.637156142857142,0.0327,(P3m1),Fe2Li2OS2,1
LFSO-Li2Fe2S2O-201022-013348-767d9d,21,-452.7287823809524,22.580392857142858,0.0199,(P3),Fe2Li2OS2,3
LFSO-Li2Fe2S2O-201022-013738-84a047,14,-452.86816714285715,16.904700285714288,-0.0142,(Pba2),Fe2Li2OS2,2
LFSO-Li2Fe2S2O-201022-013826-866090,14,-452.7086264285714,21.57979092857143,0.0288,(P21/c),Fe2Li2OS2,2
LFSO-Li2Fe2S2O-201022-013855-7c3239,14,-452.9188878571428,14.616567571428572,0.0295,(P21),Fe2Li2OS2,2
LFSO-Li2Fe2S2O-201022-013859-ccf743,14,-452.4692728571428,32.435359285714284,-0.037,(C222),Fe2Li2OS2,2
LFSO-Li2Fe2S2O-201022-014011-8bd86b,21,-452.5565419415715,20.847510047619046,0.6267,(I222),Fe2Li2OS2,3
LFSO-Li2Fe2S2O-201022-014058-d92097,14,-452.87260214285715,17.148136142857144,0.0314,(P-1),Fe2Li2OS2,2
LFSO-Li2Fe2S2O-201022-014129-6b30a6,14,-452.77687000000003,17.729440071428574,0.0195,(R3),Fe2Li2OS2,2
LFSO-Li2Fe2S2O-201022-014210-b7b9ff,21,-452.8177104761905,24.123828714285715,-0.0109,(R3),Fe2Li2OS2,3
LFSO-Li2Fe2S2O-201022-014215-6c456a,7,-452.74005,15.948315714285714,0.0557,(R3m),Fe2Li2OS2,1
LFSO-Li2Fe2S2O-201022-014352-963021,7,-452.6980328571429,30.459870571428574,-0.0087,(Pm),Fe2Li2OS2,1
LFSO-Li2Fe2S2O-201022-014356-d405a1,21,-452.75650333333334,32.43893728571428,-0.037,(Pm),Fe2Li2OS2,3
LFSO-Li2Fe2S2O-201022-014418-662824,14,-452.7854135714286,17.489168857142857,0.0319,(R3),Fe2Li2OS2,2
LFSO-Li2Fe2S2O-201022-014422-5e840c,7,-452.86784,22.33013,0.0062,(C2),Fe2Li2OS2,1
LFSO-Li2Fe2S2O-201022-014422-ac1579,14,-452.74169785714287,37.64154042857143,-0.1198,(Pnc2),Fe2Li2OS2,2
LFSO-Li2Fe2S2O-201022-014650-91cdb3,14,-451.84898357142856,18.363501142857142,0.0547,(P3),Fe2Li2OS2,2
LFSO-Li2Fe2S2O-201022-014734-5042a4,21,-452.65855857142856,16.46215719047619,-0.0364,(P2/m),Fe2Li2OS2,3
LFSO-Li2Fe2S2O-201022-014751-0fa637,14,-452.6153,21.276862714285716,0.0088,(Cmme),Fe2Li2OS2,2
LFSO-Li2Fe2S2O-201022-014851-d13a3b,7,-452.7299885714286,15.481165857142857,-0.0072,(R3m),Fe2Li2OS2,1
LFSO-Li2Fe2S2O-201022-015105-14c28e,7,-452.80224285714286,23.267059285714286,0.0066,(C2),Fe2Li2OS2,1
LFSO-Li2Fe2S2O-201022-015203-0a1bcb,21,-452.76191714285716,22.34399695238095,0.0093,(R3),Fe2Li2OS2,3
LFSO-Li2Fe2S2O-201022-015424-9a5b18,14,-452.8285907142857,22.63329557142857,0.0577,(Cc),Fe2Li2OS2,2
LFSO-Li2Fe2S2O-201022-015429-80863f,7,-452.8151214285714,19.669106142857142,-0.0015,(Fmm2),Fe2Li2OS2,1
LFSO-Li2Fe2S2O-201022-015518-108f6c,7,-452.86864857142854,15.806663285714285,0.0426,(P-1),Fe2Li2OS2,1
LFSO-Li2Fe2S2O-201022-015703-e91b17,14,-452.1911742857143,18.23372542857143,-0.0663,(C222),Fe2Li2OS2,2
LFSO-Li2Fe2S2O-201022-015710-9b8984,14,-452.78704285714286,22.355000642857142,0.0409,(Cc),Fe2Li2OS2,2
LFSO-Li2Fe2S2O-201022-015816-c1326b,7,-452.85970428571426,18.605070714285713,-0.0244,(P-1),Fe2Li2OS2,1
LFSO-Li2Fe2S2O-201022-015834-cb3bb4,21,-452.8131785714286,19.945744333333334,0.0303,(P31),Fe2Li2OS2,3
LFSO-Li2Fe2S2O-201022-015834-fa8c10,7,-452.67717285714286,14.945813428571428,-0.0611,(R3m),Fe2Li2OS2,1
LFSO-Li2Fe2S2O-201022-015913-6ed0bd,7,-452.75005999999996,19.88606014285714,-0.1033,(Cm),Fe2Li2OS2,1
LFSO-Li2Fe2S2O-201022-020048-c0bcbd,7,-452.21993285714285,19.712672,-0.0304,(P3m1),Fe2Li2OS2,1
LFSO-Li2Fe2S2O-201022-020125-acf10f,21,-452.5897242857143,23.647925285714287,-0.0063,(P2),Fe2Li2OS2,3
LFSO-Li2Fe2S2O-201022-020135-db4a0a,21,-452.55338220057143,27.018785571428573,0.1225,(P2),Fe2Li2OS2,3
LFSO-Li2Fe2S2O-201022-020143-e1033d,14,-452.5113678571429,22.019411357142854,-0.3356,(Iba2),Fe2Li2OS2,2
LFSO-Li2Fe2S2O-201022-020509-9fff75,14,-452.69390642857144,24.493897928571432,-0.0495,(P21/m),Fe2Li2OS2,2
LFSO-Li2Fe2S2O-201022-020523-785c65,14,-452.764415,16.666964642857142,-0.0313,(P2),Fe2Li2OS2,2
LFSO-Li2Fe2S2O-201022-020533-141091,14,-452.89497,18.707610285714285,0.0244,(P-1),Fe2Li2OS2,2
LFSO-Li2Fe2S2O-201022-020548-82c553,14,-452.64304214285715,39.3452675,0.0729,(C2),Fe2Li2OS2,2
LFSO-Li2Fe2S2O-201022-020617-00d31b,21,-452.72387,19.47891242857143,0.017,(P31),Fe2Li2OS2,3
LFSO-Li2Fe2S2O-201022-020801-ce0fdf,21,-452.71955142857144,23.267657142857143,-0.1395,(P222),Fe2Li2OS2,3
LFSO-Li2Fe2S2O-201022-020944-fc9e7f,21,-452.7654323809524,16.075771666666668,0.068,(P31),Fe2Li2OS2,3
LFSO-Li2Fe2S2O-201022-021130-6fec74,7,-452.76446,20.255822857142856,-0.0003,(C2/m),Fe2Li2OS2,1
LFSO-Li2Fe2S2O-201022-021257-e10866,14,-452.7978885714286,18.6248155,-0.0079,(Cmm2),Fe2Li2OS2,2
LFSO-Li2Fe2S2O-201022-021510-43b0bd,7,-452.71125571428576,23.590319571428573,0.0619,(P2),Fe2Li2OS2,1
LFSO-Li2Fe2S2O-201022-021750-f7a8be,7,-452.8683142857143,17.449533857142857,-0.0399,(Cm),Fe2Li2OS2,1
LFSO-Li2Fe2S2O-201022-021846-1ee121,21,-452.2872695238096,20.51635823809524,0.0711,(P222),Fe2Li2OS2,3
LFSO-Li2Fe2S2O-201022-022036-6df0fb,14,-452.75014071428575,16.524606214285715,-0.013,(R3),Fe2Li2OS2,2
LFSO-Li2Fe2S2O-201022-022128-e0e961,7,-452.8929857142857,16.545221,-0.0264,(P-1),Fe2Li2OS2,1
LFSO-Li2Fe2S2O-201022-022155-f41292,21,-452.6840338095238,22.507799285714288,0.0042,(Cm),Fe2Li2OS2,3
LFSO-Li2Fe2S2O-201022-022211-ba06fc,7,-452.70208428571425,22.63687142857143,0.003,(C2),Fe2Li2OS2,1
LFSO-Li2Fe2S2O-201022-022333-8ad02b,14,-452.1999064285714,18.0525675,-0.0292,(P3),Fe2Li2OS2,2
LFSO-Li2Fe2S2O-201022-022414-4cdffd,7,-452.8517014285714,20.318628571428572,0.012,(P-1),Fe2Li2OS2,1
LFSO-Li2Fe2S2O-201022-022424-1d2e9b,7,-452.58373571428575,25.108411571428572,-0.059,(Cm),Fe2Li2OS2,1
LFSO-Li2Fe2S2O-201022-022424-4e24a7,7,-452.84196285714285,18.928679857142857,-0.005,(P-1),Fe2Li2OS2,1
LFSO-Li2Fe2S2O-201022-022644-e9e445,21,-452.529509047619,25.498718476190476,0.7512,(Cm),Fe2Li2OS2,3
LFSO-Li2Fe2S2O-201022-022650-dc1c14,7,-452.80702,26.068289285714286,-0.0038,(C2),Fe2Li2OS2,1
LFSO-Li2Fe2S2O-201022-022722-8a35ed,7,-452.5394871428571,13.836353142857144,0.0025,(R3m),Fe2Li2OS2,1
LFSO-Li2Fe2S2O-201022-022942-aa78ff,21,-452.6095133333333,20.679990523809526,0.0355,(P2),Fe2Li2OS2,3
LFSO-Li2Fe2S2O-201022-023301-e766af,7,-452.66677571428573,16.33125957142857,0.0728,(Imm2),Fe2Li2OS2,1
LFSO-Li2Fe2S2O-201022-023507-6f202c,7,-451.99199428571427,18.40515657142857,-0.0078,(C222),Fe2Li2OS2,1
LFSO-Li2Fe2S2O-201022-023551-e3d729,7,-452.78187285714284,19.713938142857142,0.0223,(Cm),Fe2Li2OS2,1
LFSO-Li2Fe2S2O-201022-023744-71d94a,21,-452.6299395238096,18.021462095238093,-0.0101,(Fmm2),Fe2Li2OS2,3
LFSO-Li2Fe2S2O-201022-023843-05a8ff,21,-452.57965476190475,19.42310319047619,-0.0036,(P-4),Fe2Li2OS2,3
LFSO-Li2Fe2S2O-201022-023857-39bb3c,21,-452.74954952380955,22.915863904761903,-0.021,(P2),Fe2Li2OS2,3
LFSO-Li2Fe2S2O-201022-024302-c2e9e9,21,-452.81505333333337,23.022739904761902,0.3405,(P32),Fe2Li2OS2,3
LFSO-Li2Fe2S2O-201022-024539-7ae82f,21,-452.7052633333334,22.191299476190476,0.0712,(R3),Fe2Li2OS2,3
LFSO-Li2Fe2S2O-201022-024734-b99d32,7,-452.5929228571428,13.544112,-0.0057,(R3m),Fe2Li2OS2,1
LFSO-Li2Fe2S2O-201022-024952-75f882,14,-452.493195,23.035940500000002,0.0045,(Fmm2),Fe2Li2OS2,2
LFSO-Li2Fe2S2O-201022-025012-f7c045,7,-452.5740728571428,21.308345285714285,0.0427,(P2/m),Fe2Li2OS2,1
LFSO-Li2Fe2S2O-201022-025047-8b9517,21,-452.668489047619,27.217116238095237,0.0251,(P-4),Fe2Li2OS2,3
LFSO-Li2Fe2S2O-201022-025051-ab7f04,7,-452.68475,15.05934042857143,0.0091,(R3m),Fe2Li2OS2,1
LFSO-Li2Fe2S2O-201022-025154-96f47d,14,-452.5654014285714,21.89956864285714,0.0346,(P3m1),Fe2Li2OS2,2
LFSO-Li2Fe2S2O-201022-025303-c8420d,14,-452.83943857142856,17.4957475,-0.0095,(P21/c),Fe2Li2OS2,2
LFSO-Li2Fe2S2O-201022-025347-62b705,21,-452.73856714285716,26.79735119047619,0.0206,(Cm),Fe2Li2OS2,3
LFSO-Li2Fe2S2O-201022-025429-d70813,7,-452.52201285714284,18.015886000000002,-0.0429,(Fmm2),Fe2Li2OS2,1
LFSO-Li2Fe2S2O-201022-025628-fc7294,7,-452.41544285714286,16.030749285714286,0.0345,(P3m1),Fe2Li2OS2,1
LFSO-Li2Fe2S2O-201022-025928-064a80,14,-452.51891642857146,20.4501765,0.0294,(Pmn21),Fe2Li2OS2,2
LFSO-Li2Fe2S2O-201022-025955-bdd5e4,14,-452.5621807142857,23.639145857142857,-0.0231,(Pmc21),Fe2Li2OS2,2
LFSO-Li2Fe2S2O-201022-030010-3a3ec6,7,-452.73157142857144,17.331761857142858,0.0556,(P-4m2),Fe2Li2OS2,1
LFSO-Li2Fe2S2O-201022-030205-442982,14,-452.75277642857145,19.33226007142857,0.0378,(P2),Fe2Li2OS2,2
LFSO-Li2Fe2S2O-201022-030325-17949b,7,-452.71527857142854,22.738643857142854,-0.2394,(P2),Fe2Li2OS2,1
LFSO-Li2Fe2S2O-201022-030350-768e1f,7,-452.61369285714284,18.52281657142857,0.0056,(P3m1),Fe2Li2OS2,1
LFSO-Li2Fe2S2O-201022-030440-4cde7f,14,-452.68168214285714,27.51276107142857,-0.1818,(R3),Fe2Li2OS2,2
LFSO-Li2Fe2S2O-201022-030523-3403cf,21,-452.7847628571429,20.478906476190474,0.1411,(Fmm2),Fe2Li2OS2,3
LFSO-Li2Fe2S2O-201022-030548-611c01,7,-452.74308285714284,22.56818157142857,0.0253,(C2),Fe2Li2OS2,1
LFSO-Li2Fe2S2O-201022-030614-08a2da,7,-452.6907857142857,18.506352857142854,0.0652,(P3m1),Fe2Li2OS2,1
LFSO-Li2Fe2S2O-201022-030935-5f26cb,21,-452.58629619047616,28.283796095238092,0.0525,(P3),Fe2Li2OS2,3
LFSO-Li2Fe2S2O-201022-031043-8adff0,7,-452.7733414285714,24.178979714285713,0.0182,(Cm),Fe2Li2OS2,1
LFSO-Li2Fe2S2O-201022-031221-a7d38f,14,-452.78815714285713,20.117975642857143,-0.0057,(P2),Fe2Li2OS2,2
LFSO-Li2Fe2S2O-201022-031246-f34de6,14,-452.9021964285715,18.242277285714287,0.0073,(P-1),Fe2Li2OS2,2
LFSO-Li2Fe2S2O-201022-031259-8948f2,14,-452.9003078571428,17.081955285714287,0.1778,(P-1),Fe2Li2OS2,2
LFSO-Li2Fe2S2O-201022-031330-a780ac,21,-452.55518047619046,19.818132761904764,0.3105,(F222),Fe2Li2OS2,3
LFSO-Li2Fe2S2O-201022-031649-42fa68,14,-452.7738735714286,24.582894642857145,0.0078,(P-421m),Fe2Li2OS2,2
LFSO-Li2Fe2S2O-201022-031659-ceca8a,7,-452.71695857142856,24.485535714285714,0.0074,(Cm),Fe2Li2OS2,1
LFSO-Li2Fe2S2O-201022-031735-6de007,7,-452.7023142857143,16.218565285714284,-0.0187,(P3m1),Fe2Li2OS2,1
LFSO-Li2Fe2S2O-201022-031848-945585,14,-452.5863257142857,27.065578428571428,-0.0237,(P2/m),Fe2Li2OS2,2
LFSO-Li2Fe2S2O-201022-032203-212d38,7,-452.6744614285714,16.693967,-0.0093,(C2/m),Fe2Li2OS2,1
LFSO-Li2Fe2S2O-201022-032532-f37383,21,-452.6734466666666,25.52672595238095,-0.8027,(P3),Fe2Li2OS2,3
LFSO-Li2Fe2S2O-201022-032550-c00c80,21,-452.8395638095238,16.24735366666667,0.0716,(P31),Fe2Li2OS2,3
LFSO-Li2Fe2S2O-201022-032653-b604c7,21,-452.6779542857143,20.250317142857142,-0.5948,(C2),Fe2Li2OS2,3
LFSO-Li2Fe2S2O-201022-033001-5e918d,14,-452.75444500000003,24.600949285714286,-0.0107,(Cmc21),Fe2Li2OS2,2
LFSO-Li2Fe2S2O-201022-033047-b4eaa3,14,-452.2109578571429,21.49424035714286,0.3799,(P3),Fe2Li2OS2,2
LFSO-Li2Fe2S2O-201022-033215-7e90f1,14,-452.2850757142857,23.937695214285714,0.0043,(Imm2),Fe2Li2OS2,2
LFSO-Li2Fe2S2O-201022-033240-7e42bf,14,-452.76135642857145,16.819862285714287,0.0229,(P3),Fe2Li2OS2,2
LFSO-Li2Fe2S2O-201022-033344-d78363,7,-452.82345142857145,19.514832857142856,0.0167,(P-1),Fe2Li2OS2,1
LFSO-Li2Fe2S2O-201022-033452-f51093,14,-452.69511142857147,20.292330071428573,-0.0463,(I-4m2),Fe2Li2OS2,2
LFSO-Li2Fe2S2O-201022-033624-a9266e,21,-452.68839666666673,29.157011238095237,0.0081,(Cm),Fe2Li2OS2,3
LFSO-Li2Fe2S2O-201022-033649-886008,7,-452.76840142857145,22.499051428571427,-0.0091,(Cm),Fe2Li2OS2,1
LFSO-Li2Fe2S2O-201022-033712-1d60ed,14,-452.86137357142854,23.23065042857143,0.0163,(P21),Fe2Li2OS2,2
LFSO-Li2Fe2S2O-201022-033932-1ffdd3,21,-452.2166495238095,30.255021285714285,-0.0094,(P4),Fe2Li2OS2,3
LFSO-Li2Fe2S2O-201022-033937-f37d43,21,-452.7381538095238,20.364659809523808,0.0228,(C2),Fe2Li2OS2,3
LFSO-Li2Fe2S2O-201022-034040-e698fe,21,-452.7275280952381,20.99084895238095,-0.3174,(Imm2),Fe2Li2OS2,3
LFSO-Li2Fe2S2O-201022-034119-4c328f,21,-452.7110961904762,23.812439476190477,-0.4799,(R3),Fe2Li2OS2,3
LFSO-Li2Fe2S2O-201022-034120-70af93,14,-452.3733628571428,17.001836785714286,-0.0064,(P21/m),Fe2Li2OS2,2
LFSO-Li2Fe2S2O-201022-034126-144829,7,-452.37005142857146,23.076247857142857,-0.0557,(Amm2),Fe2Li2OS2,1
LFSO-Li2Fe2S2O-201022-034206-d22b62,21,-452.6316533333333,27.340664142857143,-0.0069,(Amm2),Fe2Li2OS2,3
LFSO-Li2Fe2S2O-201022-034330-66ef1a,21,-452.7706733333333,19.705763047619048,-0.0239,(R3),Fe2Li2OS2,3
LFSO-Li2Fe2S2O-201022-034515-c2e33e,7,-452.5944271428571,23.71823642857143,-0.0485,(C222),Fe2Li2OS2,1
LFSO-Li2Fe2S2O-201022-034516-651b8e,14,-452.61012285714287,17.777170285714284,0.0468,(P3),Fe2Li2OS2,2
LFSO-Li2Fe2S2O-201022-034620-8a8107,14,-452.50581999999997,19.043796642857142,0.0984,(P-4),Fe2Li2OS2,2
LFSO-Li2Fe2S2O-201022-034643-9a9f11,7,-452.5695757142857,17.378995285714286,-0.0204,(R3m),Fe2Li2OS2,1
LFSO-Li2Fe2S2O-201022-034658-d04cbc,14,-452.6439178571428,25.577451285714286,0.0046,(I41),Fe2Li2OS2,2
LFSO-Li2Fe2S2O-201022-034820-da17ea,21,-452.456329047619,18.27193457142857,0.0372,(Pmm2),Fe2Li2OS2,3
LFSO-Li2Fe2S2O-201022-034850-658fcf,14,-452.776385,26.2024065,-0.1252,(P2),Fe2Li2OS2,2
LFSO-Li2Fe2S2O-201022-034913-654205,7,-451.7449342857143,18.17668142857143,0.0292,(P3m1),Fe2Li2OS2,1
LFSO-Li2Fe2S2O-201022-035053-f45603,21,-452.79545190476193,17.519396190476193,-0.0454,(R3),Fe2Li2OS2,3
LFSO-Li2Fe2S2O-201022-035133-88db4e,7,-452.68787285714285,26.42151085714286,0.0376,(Pm),Fe2Li2OS2,1
LFSO-Li2Fe2S2O-201022-035141-803722,7,-452.66576285714285,24.400191714285715,0.0401,(Amm2),Fe2Li2OS2,1
LFSO-Li2Fe2S2O-201022-035221-31e3fb,14,-452.53161142857147,16.7739975,0.0036,(R3),Fe2Li2OS2,2
LFSO-Li2Fe2S2O-201022-035228-8fb5b7,21,-452.4365376190476,24.249780904761906,0.0004,(Cmm2),Fe2Li2OS2,3
LFSO-Li2Fe2S2O-201022-035316-2775db,7,-452.7864642857143,18.903986714285715,-0.0101,(P2),Fe2Li2OS2,1
LFSO-Li2Fe2S2O-201022-035536-e5ff58,14,-452.65835285714286,18.369496214285714,-0.0045,(R3),Fe2Li2OS2,2
LFSO-Li2Fe2S2O-201022-035646-9840fe,14,-452.669175,25.432460285714285,0.0018,(P3),Fe2Li2OS2,2
LFSO-Li2Fe2S2O-201022-035726-7b9d2b,7,-452.5940814285714,24.465030857142857,0.1106,(P3m1),Fe2Li2OS2,1
LFSO-Li2Fe2S2O-201022-035827-22c4cc,14,-452.77871,17.105894714285714,0.0021,(R3),Fe2Li2OS2,2
LFSO-Li2Fe2S2O-201022-035907-0e9d3b,21,-452.8421823809524,18.926667714285713,0.0283,(P32),Fe2Li2OS2,3
LFSO-Li2Fe2S2O-201022-035907-d99851,21,-452.7057552380952,32.651315,-0.0191,(R3),Fe2Li2OS2,3
LFSO-Li2Fe2S2O-201022-040004-176663,21,-452.81946809523805,17.904190857142858,0.0349,(P31),Fe2Li2OS2,3
LFSO-Li2Fe2S2O-201022-040107-446804,21,-452.3508466666667,28.937469523809526,0.0149,(P2),Fe2Li2OS2,3
LFSO-Li2Fe2S2O-201022-040143-366ed5,21,-452.63893679728574,17.116996047619047,1.1981,(C222),Fe2Li2OS2,3
LFSO-Li2Fe2S2O-201022-040205-2e1971,7,-452.6789242857143,24.35743557142857,-0.0042,(Cm),Fe2Li2OS2,1
LFSO-Li2Fe2S2O-201022-040228-bf4c94,7,-452.5272,16.958358714285716,0.02,(R3m),Fe2Li2OS2,1
LFSO-Li2Fe2S2O-201022-040613-acce41,7,-452.8580628571429,15.905001714285715,0.0514,(C2),Fe2Li2OS2,1
LFSO-Li2Fe2S2O-201022-040628-dafcfd,7,-452.3478442857143,17.890760285714286,0.0665,(P3m1),Fe2Li2OS2,1
LFSO-Li2Fe2S2O-201022-040709-707623,21,-452.77267380952384,34.03847604761905,0.1546,(Pm),Fe2Li2OS2,3
LFSO-Li2Fe2S2O-201022-040737-1d877e,14,-452.755565,18.41364957142857,-0.0148,(Cmm2),Fe2Li2OS2,2
LFSO-Li2Fe2S2O-201022-040915-e93b72,7,-452.5924471428571,17.302678714285715,-0.2606,(R3m),Fe2Li2OS2,1
LFSO-Li2Fe2S2O-201022-041114-283287,7,-452.72441285714285,25.567034714285715,0.0069,(C2/m),Fe2Li2OS2,1
LFSO-Li2Fe2S2O-201022-041151-8212f4,21,-452.63784238095235,22.926795,0.5894,(Pm),Fe2Li2OS2,3
LFSO-Li2Fe2S2O-201022-041522-a90a90,21,-452.66643047619044,25.632309142857146,-0.1934,(C2/m),Fe2Li2OS2,3
LFSO-Li2Fe2S2O-201022-041721-98fed4,14,-452.7458128571429,17.86635092857143,-0.0407,(R3),Fe2Li2OS2,2
LFSO-Li2Fe2S2O-201022-041853-3a09f4,7,-452.61973857142857,16.11159257142857,0.0533,(P3m1),Fe2Li2OS2,1
LFSO-Li2Fe2S2O-201022-041946-75c59e,7,-452.7822185714286,14.452188142857143,0.049,(R3m),Fe2Li2OS2,1
LFSO-Li2Fe2S2O-201022-042056-3e5251,21,-452.8399438095238,18.069796142857143,0.1209,(P32),Fe2Li2OS2,3
LFSO-Li2Fe2S2O-201022-042303-b2e866,14,-452.7363880197143,39.29038628571429,0.2532,(Pc),Fe2Li2OS2,2
LFSO-Li2Fe2S2O-201022-042437-9e1a51,7,-452.8430528571429,21.568381,-0.0579,(C2),Fe2Li2OS2,1
LFSO-Li2Fe2S2O-201022-042521-df5232,14,-452.47983000000005,20.871466571428574,0.0048,(P21/c),Fe2Li2OS2,2
LFSO-Li2Fe2S2O-201022-042623-e6d3a9,7,-452.90858857142854,14.115989714285714,-0.0213,(C2),Fe2Li2OS2,1
LFSO-Li2Fe2S2O-201022-042705-2e035b,7,-452.36184714285713,18.460844428571427,0.0105,(Fmm2),Fe2Li2OS2,1
LFSO-Li2Fe2S2O-201022-042733-108175,7,-452.6602528571429,17.699476571428573,0.0008,(R3m),Fe2Li2OS2,1
LFSO-Li2Fe2S2O-201022-042857-3354e4,7,-452.8892257142857,17.21689,-0.0999,(P-1),Fe2Li2OS2,1
LFSO-Li2Fe2S2O-201022-042905-f09e7b,7,-452.6432814285714,17.453603142857144,-0.0397,(R3m),Fe2Li2OS2,1
LFSO-Li2Fe2S2O-201022-042913-06a19a,14,-452.74715000000003,23.158337928571427,-0.0179,(C2221),Fe2Li2OS2,2
LFSO-Li2Fe2S2O-201022-042915-ada4ce,14,-452.7964671428571,18.180313285714284,0.0001,(P3),Fe2Li2OS2,2
LFSO-Li2Fe2S2O-201022-043007-a632d0,14,-452.7455171428572,17.564813785714286,-0.0064,(C222),Fe2Li2OS2,2
LFSO-Li2Fe2S2O-201022-043050-a9c647,14,-452.78990571428574,18.609966714285715,-0.0347,(R3),Fe2Li2OS2,2
LFSO-Li2Fe2S2O-201022-043244-07ba2f,7,-452.5960228571429,20.780551142857142,0.0296,(R3m),Fe2Li2OS2,1
LFSO-Li2Fe2S2O-201022-043311-587358,14,-452.5076035714286,18.742180214285714,-0.0653,(F222),Fe2Li2OS2,2
LFSO-Li2Fe2S2O-201022-043625-8d028e,14,-452.72388714285717,18.92888057142857,0.0325,(P3),Fe2Li2OS2,2
LFSO-Li2Fe2S2O-201022-043626-3908ac,21,-452.7686204761905,26.827923333333334,0.0312,(R3),Fe2Li2OS2,3
LFSO-Li2Fe2S2O-201022-043627-d12483,14,-452.8451671428571,18.77462507142857,-0.0107,(P21),Fe2Li2OS2,2
LFSO-Li2Fe2S2O-201022-043736-4bd5b3,7,-452.73044285714286,25.47130985714286,-0.0072,(C2/m),Fe2Li2OS2,1
LFSO-Li2Fe2S2O-201022-043904-0b5f60,14,-452.84540285714286,17.896777714285715,0.0187,(P21),Fe2Li2OS2,2
LFSO-Li2Fe2S2O-201022-043913-a2b518,7,-452.8786057142857,16.450808142857145,-0.0454,(P-1),Fe2Li2OS2,1
LFSO-Li2Fe2S2O-201022-043945-b7b6fa,21,-452.66049904761906,26.29723776190476,0.1668,(Pm),Fe2Li2OS2,3
LFSO-Li2Fe2S2O-201022-044005-15c725,14,-452.2916985714286,29.4248495,0.0605,(Cmm2),Fe2Li2OS2,2
LFSO-Li2Fe2S2O-201022-044123-a198b0,7,-452.83737142857143,17.685931571428572,0.0017,(C2/m),Fe2Li2OS2,1
LFSO-Li2Fe2S2O-201022-044315-83809f,7,-452.51176857142855,23.19311314285714,-0.0226,(P-4m2),Fe2Li2OS2,1
LFSO-Li2Fe2S2O-201022-044407-f22339,14,-452.8178771428571,21.14778664285714,0.0152,(Pba2),Fe2Li2OS2,2
LFSO-Li2Fe2S2O-201022-044423-82c173,7,-452.71948857142854,19.996802714285714,0.0259,(P2/m),Fe2Li2OS2,1
LFSO-Li2Fe2S2O-201022-044452-af5513,7,-452.41499857142855,17.703518,-0.0287,(Pm),Fe2Li2OS2,1
LFSO-Li2Fe2S2O-201022-044550-244da3,7,-452.91267857142856,17.48808042857143,-0.0211,(P-1),Fe2Li2OS2,1
LFSO-Li2Fe2S2O-201022-044610-32a236,14,-452.5882314285714,28.605679285714285,0.0302,(P3),Fe2Li2OS2,2
LFSO-Li2Fe2S2O-201022-044610-80cf80,7,-452.85686142857145,17.140837142857144,-0.0246,(C2),Fe2Li2OS2,1
LFSO-Li2Fe2S2O-201022-044856-573e5a,21,-452.4815094860476,27.266628285714287,-0.0151,(Cm),Fe2Li2OS2,3
LFSO-Li2Fe2S2O-201022-044941-0cad00,14,-452.7470907142857,19.827458500000002,-0.0189,(P3),Fe2Li2OS2,2
LFSO-Li2Fe2S2O-201022-045033-44afc0,14,-452.89248428571426,15.952668714285716,0.0074,(P21/c),Fe2Li2OS2,2
LFSO-Li2Fe2S2O-201022-045330-9b3ae9,7,-452.72387285714285,24.774858857142856,0.0309,(P2),Fe2Li2OS2,1
LFSO-Li2Fe2S2O-201022-045330-a07883,14,-452.767875,18.209761214285713,0.0033,(P2221),Fe2Li2OS2,2
LFSO-Li2Fe2S2O-201022-045449-af0122,7,-452.7514457142857,22.363063,-0.0079,(Cm),Fe2Li2OS2,1
LFSO-Li2Fe2S2O-201022-045518-b20b62,14,-452.7252992857143,21.50115514285714,0.0302,(P21),Fe2Li2OS2,2
LFSO-Li2Fe2S2O-201022-045523-2f07be,7,-452.6011571428571,16.049252428571428,0.0958,(R3m),Fe2Li2OS2,1
LFSO-Li2Fe2S2O-201022-045550-07f082,7,-452.90081142857144,16.711144142857144,-0.005,(P-1),Fe2Li2OS2,1
LFSO-Li2Fe2S2O-201022-045557-be0a78,7,-452.79934142857144,28.281866,0.0262,(C2),Fe2Li2OS2,1
LFSO-Li2Fe2S2O-201022-045611-e4fa9d,14,-452.77032,17.328742285714288,-0.0059,(R3),Fe2Li2OS2,2
LFSO-Li2Fe2S2O-201022-045633-e7c0ad,14,-452.8926307142857,18.8937645,-0.0097,(P-1),Fe2Li2OS2,2
LFSO-Li2Fe2S2O-201022-045802-a66503,14,-452.68518857142857,16.334399142857144,0.0345,(R3),Fe2Li2OS2,2
LFSO-Li2Fe2S2O-201022-045909-6468de,21,-451.6643819047619,29.63214114285714,-0.0034,(P3),Fe2Li2OS2,3
LFSO-Li2Fe2S2O-201022-045943-cd3213,7,-452.6697642857143,31.887678571428573,-0.0098,(Pm),Fe2Li2OS2,1
LFSO-Li2Fe2S2O-201022-050256-3c431e,7,-452.50954428571424,14.556524142857143,-0.0698,(R-3m),Fe2Li2OS2,1
LFSO-Li2Fe2S2O-201022-050326-833214,7,-452.33399000000003,23.416237142857142,0.1975,(P3m1),Fe2Li2OS2,1
LFSO-Li2Fe2S2O-201022-050355-1f1448,21,-452.73414047619053,25.53047057142857,-0.4397,(Cm),Fe2Li2OS2,3
LFSO-Li2Fe2S2O-201022-050437-550907,7,-452.88196571428574,16.48052757142857,-0.18,(P-1),Fe2Li2OS2,1
LFSO-Li2Fe2S2O-201022-050524-fc3ed0,21,-452.79114761904765,21.605366857142855,-0.0062,(P31),Fe2Li2OS2,3
LFSO-Li2Fe2S2O-201022-050537-b38cff,7,-452.31269285714285,16.385830428571428,0.0312,(P2/m),Fe2Li2OS2,1
LFSO-Li2Fe2S2O-201022-050554-71afe8,7,-452.74353857142853,16.85177714285714,-0.0197,(P3m1),Fe2Li2OS2,1
LFSO-Li2Fe2S2O-201022-050610-74d29e,21,-452.79600095238095,19.993030428571426,-0.3923,(P-6),Fe2Li2OS2,3
LFSO-Li2Fe2S2O-201022-050659-530dda,7,-452.3394942857143,15.502945142857143,-0.0113,(Cmm2),Fe2Li2OS2,1
LFSO-Li2Fe2S2O-201022-050731-e86be5,14,-452.64150071428577,21.87787614285714,-0.0038,(R3),Fe2Li2OS2,2
LFSO-Li2Fe2S2O-201022-050751-97446b,7,-452.49041285714287,19.714041285714284,0.048,(P-1),Fe2Li2OS2,1
LFSO-Li2Fe2S2O-201022-050801-52f95e,21,-452.8175380952381,23.43884,-0.0445,(P31),Fe2Li2OS2,3
LFSO-Li2Fe2S2O-201022-050912-3b5835,7,-452.49122714285716,21.59135342857143,0.0514,(Pm),Fe2Li2OS2,1
LFSO-Li2Fe2S2O-201022-050920-d80327,7,-452.7744442857143,21.517319285714287,-0.0634,(Immm),Fe2Li2OS2,1
LFSO-Li2Fe2S2O-201022-051040-904bc5,14,-452.8136692857143,20.42981142857143,0.0211,(P2),Fe2Li2OS2,2
LFSO-Li2Fe2S2O-201022-051502-05e0c6,21,-452.6485971428571,22.335414047619047,0.0056,(P-4),Fe2Li2OS2,3
LFSO-Li2Fe2S2O-201022-051808-7038aa,7,-452.3267371428571,25.185948,0.0139,(P-1),Fe2Li2OS2,1
LFSO-Li2Fe2S2O-201022-051836-d86701,21,-452.714979047619,19.70941280952381,-0.0448,(P-1),Fe2Li2OS2,3
LFSO-Li2Fe2S2O-201022-051904-47d84b,7,-452.51297999999997,14.238131285714285,-0.0154,(Cmmm),Fe2Li2OS2,1
LFSO-Li2Fe2S2O-201022-051924-f8dae9,7,-452.69513,26.59890557142857,-0.0054,(Pm),Fe2Li2OS2,1
LFSO-Li2Fe2S2O-201022-051942-2f2a60,7,-452.54148142857144,15.509951000000001,-0.0739,(R3m),Fe2Li2OS2,1
LFSO-Li2Fe2S2O-201022-052212-b02585,14,-452.69094,31.379744714285714,-0.0278,(P2),Fe2Li2OS2,2
LFSO-Li2Fe2S2O-201022-052238-5db81f,14,-452.58380285714287,28.340875,0.0615,(P3),Fe2Li2OS2,2
LFSO-Li2Fe2S2O-201022-052310-dd4044,7,-452.66218142857144,32.59728428571429,0.0392,(Pmm2),Fe2Li2OS2,1
LFSO-Li2Fe2S2O-201022-052409-358b7b,14,-452.78824285714285,19.900210571428573,0.0078,(R3m),Fe2Li2OS2,2
LFSO-Li2Fe2S2O-201022-052412-9f6b3a,14,-452.8887385714285,21.230076285714286,0.0151,(P21212),Fe2Li2OS2,2
LFSO-Li2Fe2S2O-201022-052441-f3833e,7,-452.24915285714286,21.872223571428574,0.3806,(Pm),Fe2Li2OS2,1
LFSO-Li2Fe2S2O-201022-052511-9da4a4,21,-452.60129809523806,27.80406114285714,0.0459,(P2/m),Fe2Li2OS2,3
LFSO-Li2Fe2S2O-201022-052643-7708cf,14,-452.55208642857144,20.7661535,0.0808,(R3),Fe2Li2OS2,2
LFSO-Li2Fe2S2O-201022-052819-da1ce8,21,-452.82207904761907,18.459062,0.0048,(P31),Fe2Li2OS2,3
LFSO-Li2Fe2S2O-201022-052831-61a082,7,-452.77751,18.36197557142857,-0.006,(P2),Fe2Li2OS2,1
LFSO-Li2Fe2S2O-201022-052845-abac14,21,-452.6301814285714,31.04962119047619,-0.1424,(Cm),Fe2Li2OS2,3
LFSO-Li2Fe2S2O-201022-052854-663918,14,-452.7521485714286,25.401298,0.4707,(Pnc2),Fe2Li2OS2,2
LFSO-Li2Fe2S2O-201022-052913-238dfd,7,-452.5272042857143,20.36674857142857,-0.0465,(Fmm2),Fe2Li2OS2,1
LFSO-Li2Fe2S2O-201022-053059-8b7dad,7,-452.76977857142856,21.995192428571432,0.0195,(Cm),Fe2Li2OS2,1
LFSO-Li2Fe2S2O-201022-053143-5eb3c5,14,-452.7751185714286,16.89979892857143,-0.0314,(I41md),Fe2Li2OS2,2
LFSO-Li2Fe2S2O-201022-053334-d976af,21,-452.33557190476193,29.20114419047619,0.32,(P3),Fe2Li2OS2,3
LFSO-Li2Fe2S2O-201022-053536-ce9c1a,14,-452.7609678571429,17.780767857142855,-0.0095,(R3),Fe2Li2OS2,2
LFSO-Li2Fe2S2O-201022-053919-568c87,14,-452.87436857142853,19.43150714285714,-0.0295,(P-4),Fe2Li2OS2,2
LFSO-Li2Fe2S2O-201022-053922-325b0a,7,-452.7855714285714,25.221627,0.0189,(Fmm2),Fe2Li2OS2,1
LFSO-Li2Fe2S2O-201022-054052-141cc9,21,-452.82724952380954,19.176984952380952,0.1217,(P-1),Fe2Li2OS2,3
LFSO-Li2Fe2S2O-201022-054140-514023,14,-452.81782285714286,19.408653642857143,-0.061,(Aea2),Fe2Li2OS2,2
LFSO-Li2Fe2S2O-201022-054249-f4c882,14,-452.69711928571434,17.819215142857143,0.004,(R3m),Fe2Li2OS2,2
LFSO-Li2Fe2S2O-201022-054725-bb5fc7,7,-452.7178342857143,17.22977457142857,0.0094,(P3m1),Fe2Li2OS2,1
LFSO-Li2Fe2S2O-201022-054729-b96f31,21,-452.7322661904762,24.74858338095238,-0.1595,(P3),Fe2Li2OS2,3
LFSO-Li2Fe2S2O-201022-054835-67e78d,21,-452.7326980952381,22.06082304761905,-0.0515,(P2),Fe2Li2OS2,3
LFSO-Li2Fe2S2O-201022-054948-ab08fb,7,-452.6248157142857,16.762171714285714,0.0869,(P3m1),Fe2Li2OS2,1
LFSO-Li2Fe2S2O-201022-054951-f204f0,21,-452.86618714285714,16.97701623809524,0.0245,(P31),Fe2Li2OS2,3
LFSO-Li2Fe2S2O-201022-054953-04c9d1,7,-452.67434000000003,26.225944285714288,-0.0461,(Pm),Fe2Li2OS2,1
LFSO-Li2Fe2S2O-201022-054953-b3ab51,21,-452.5190795238096,21.304577714285717,-0.1787,(P2),Fe2Li2OS2,3
LFSO-Li2Fe2S2O-201022-055009-e04f20,7,-452.34754428571426,18.426740714285717,-0.0053,(Pmmm),Fe2Li2OS2,1
LFSO-Li2Fe2S2O-201022-055031-9d4ee0,21,-452.4854704761904,22.223385142857143,-0.0147,(P2),Fe2Li2OS2,3
LFSO-Li2Fe2S2O-201022-055137-6266da,7,-452.31502714285716,13.109050428571427,-0.0122,(R3m),Fe2Li2OS2,1
LFSO-Li2Fe2S2O-201022-055215-f4359a,21,-452.7362438095238,30.174078333333334,0.0755,(Cm),Fe2Li2OS2,3
LFSO-Li2Fe2S2O-201022-055238-9cf087,7,-452.6947028571429,26.85880714285714,0.0308,(Pm),Fe2Li2OS2,1
LFSO-Li2Fe2S2O-201022-055308-2a2f1a,7,-452.4462157142857,18.854318142857146,0.0204,(C2),Fe2Li2OS2,1
LFSO-Li2Fe2S2O-201022-055310-bea623,7,-452.15957714285713,15.183193142857144,0.063,(I4mm),Fe2Li2OS2,1
LFSO-Li2Fe2S2O-201022-055330-a59ce7,7,-452.88474142857143,16.481218000000002,-0.047,(P-1),Fe2Li2OS2,1
LFSO-Li2Fe2S2O-201022-055332-df20f9,7,-452.67911428571426,25.74838857142857,0.1391,(Cm),Fe2Li2OS2,1
LFSO-Li2Fe2S2O-201022-055506-5dd7bb,7,-452.5500257142857,17.634837142857144,0.0302,(R3m),Fe2Li2OS2,1
LFSO-Li2Fe2S2O-201022-055517-eac1e9,7,-452.8170028571429,20.442061428571428,-0.0192,(P-1),Fe2Li2OS2,1
LFSO-Li2Fe2S2O-201022-055736-887a79,7,-452.71775857142853,15.835818142857145,-0.0006,(R3m),Fe2Li2OS2,1
LFSO-Li2Fe2S2O-201022-055914-c42bab,14,-452.682665,20.115343499999998,0.0854,(R3),Fe2Li2OS2,2
LFSO-Li2Fe2S2O-201022-060106-020498,7,-452.68787857142854,24.56884014285714,-0.006,(Cm),Fe2Li2OS2,1
LFSO-Li2Fe2S2O-201022-060128-ceac53,7,-452.7333942857143,16.861029,0.0584,(R3m),Fe2Li2OS2,1
LFSO-Li2Fe2S2O-201022-060214-7dc582,14,-452.68152714285714,19.36315107142857,0.0129,(P2221),Fe2Li2OS2,2
LFSO-Li2Fe2S2O-201022-060234-eb82c6,14,-452.65949,20.279715071428573,-0.0016,(P2),Fe2Li2OS2,2
LFSO-Li2Fe2S2O-201022-060513-31b7ef,14,-452.82904428571425,19.08458064285714,0.0154,(P21),Fe2Li2OS2,2
LFSO-Li2Fe2S2O-201022-060542-0e27c0,7,-452.62955999999997,22.457812714285716,0.1607,(P2/m),Fe2Li2OS2,1
LFSO-Li2Fe2S2O-201022-060824-cdd8d4,14,-452.8385257142857,18.53905885714286,0.0096,(Cmc21),Fe2Li2OS2,2
LFSO-Li2Fe2S2O-201022-061203-eb993b,7,-452.38910857142855,15.716927285714286,0.0557,(P3m1),Fe2Li2OS2,1
LFSO-Li2Fe2S2O-201022-061220-c8dae3,14,-452.390805,18.977437142857145,0.1885,(Pmc21),Fe2Li2OS2,2
LFSO-Li2Fe2S2O-201022-061318-008bfb,7,-452.4516171428572,20.26936257142857,0.0796,(Cm),Fe2Li2OS2,1
LFSO-Li2Fe2S2O-201022-061359-89bcce,14,-452.79867285714283,18.86451607142857,-0.0199,(Pba2),Fe2Li2OS2,2
LFSO-Li2Fe2S2O-201022-061505-c2b7ba,7,-452.70878142857146,21.618917714285715,0.0588,(Pm),Fe2Li2OS2,1
LFSO-Li2Fe2S2O-201022-061517-a92db1,14,-452.70246714285713,27.361002142857142,-0.0059,(P2),Fe2Li2OS2,2
LFSO-Li2Fe2S2O-201022-061558-2248ee,7,-452.7648042857143,18.753107142857143,-0.6011,(P2),Fe2Li2OS2,1
LFSO-Li2Fe2S2O-201022-061617-9443c0,21,-452.5724404761905,19.494308523809522,-0.4922,(P222),Fe2Li2OS2,3
LFSO-Li2Fe2S2O-201022-061654-e56a9a,14,-452.7955221428571,18.86895721428571,0.025,(P21212),Fe2Li2OS2,2
LFSO-Li2Fe2S2O-201022-061716-2c4b6d,7,-452.86722000000003,15.185470857142857,-0.0266,(I4/mmm),Fe2Li2OS2,1
LFSO-Li2Fe2S2O-201022-061718-261f9b,7,-451.7517942857143,22.35052357142857,-0.0094,(P3m1),Fe2Li2OS2,1
LFSO-Li2Fe2S2O-201022-061850-48caaa,21,-452.82580238095244,19.780473761904762,0.5911,(P-1),Fe2Li2OS2,3
LFSO-Li2Fe2S2O-201022-061852-147f9e,21,-452.6289338095238,23.827026952380955,0.0042,(Imm2),Fe2Li2OS2,3
LFSO-Li2Fe2S2O-201022-061910-d3afe5,14,-452.57002142857147,22.643058928571428,0.1787,(P3),Fe2Li2OS2,2
LFSO-Li2Fe2S2O-201022-062003-dc277a,7,-452.58911857142857,24.74850957142857,-0.0357,(Pmmm),Fe2Li2OS2,1
LFSO-Li2Fe2S2O-201022-062009-0d511d,21,-452.8201709523809,18.50791023809524,0.0151,(P32),Fe2Li2OS2,3
LFSO-Li2Fe2S2O-201022-062033-dde892,7,-452.14572428571427,15.603379714285714,0.0562,(P4mm),Fe2Li2OS2,1
LFSO-Li2Fe2S2O-201022-062119-b2f743,7,-452.50879714285713,18.46797442857143,0.068,(R3m),Fe2Li2OS2,1
LFSO-Li2Fe2S2O-201022-062140-cda6e8,7,-452.1632757142857,15.617934571428572,0.0027,(P4mm),Fe2Li2OS2,1
LFSO-Li2Fe2S2O-201022-062208-34fa92,21,-452.73645999999997,26.548112857142854,0.0043,(Cm),Fe2Li2OS2,3
LFSO-Li2Fe2S2O-201022-062405-3b3987,7,-452.78802428571424,18.844409142857142,0.0713,(P2),Fe2Li2OS2,1
LFSO-Li2Fe2S2O-201022-062438-b2287e,21,-452.81303285714284,18.744015238095237,-0.0001,(P-1),Fe2Li2OS2,3
LFSO-Li2Fe2S2O-201022-062446-b559d4,14,-452.83636571428576,19.92214492857143,0.0133,(Pc),Fe2Li2OS2,2
LFSO-Li2Fe2S2O-201022-062520-86c990,21,-452.7261557142857,27.53090723809524,-0.0121,(Cm),Fe2Li2OS2,3
LFSO-Li2Fe2S2O-201022-062654-5347ab,7,-452.66611142857147,26.702846714285716,-0.0389,(Amm2),Fe2Li2OS2,1
LFSO-Li2Fe2S2O-201022-062758-9a3690,21,-452.85377666666665,17.643305095238095,-0.0738,(P32),Fe2Li2OS2,3
LFSO-Li2Fe2S2O-201022-062821-ad4de2,21,-452.8293195238095,20.622815857142857,-0.016,(P31),Fe2Li2OS2,3
LFSO-Li2Fe2S2O-201022-062839-143086,7,-452.47830571428574,22.241048714285714,0.0029,(Immm),Fe2Li2OS2,1
LFSO-Li2Fe2S2O-201022-062901-90744c,21,-452.58295428571427,24.38861633333333,-0.0222,(P222),Fe2Li2OS2,3
LFSO-Li2Fe2S2O-201022-062927-8de3e1,14,-452.5892764285714,28.038662714285714,0.0216,(P3),Fe2Li2OS2,2
LFSO-Li2Fe2S2O-201022-063000-fcf06b,14,-452.7781857142857,19.046892500000002,-0.025,(P2221),Fe2Li2OS2,2
LFSO-Li2Fe2S2O-201022-063049-1e6bfc,7,-452.44388,18.573557285714287,-0.2717,(Pm),Fe2Li2OS2,1
LFSO-Li2Fe2S2O-201022-063315-4179b7,14,-452.87187857142857,19.265540714285716,0.1095,(Cc),Fe2Li2OS2,2
LFSO-Li2Fe2S2O-201022-063352-27b4a7,21,-452.8239647619048,24.713597095238097,-0.0209,(P32),Fe2Li2OS2,3
LFSO-Li2Fe2S2O-201022-063428-4799e6,14,-452.75446714285715,16.242171714285714,0.0082,(R3),Fe2Li2OS2,2
LFSO-Li2Fe2S2O-201022-063446-89c948,7,-452.7049542857143,15.606177428571428,0.0058,(P3m1),Fe2Li2OS2,1
LFSO-Li2Fe2S2O-201022-063602-fe4719,14,-452.698425,21.670750071428568,0.0064,(Fmm2),Fe2Li2OS2,2
LFSO-Li2Fe2S2O-201022-063616-e6e603,14,-452.7429992857143,27.20737257142857,0.2401,(C2),Fe2Li2OS2,2
LFSO-Li2Fe2S2O-201022-063702-ffed02,14,-452.7357014285714,24.506963785714284,-0.0141,(Pc),Fe2Li2OS2,2
LFSO-Li2Fe2S2O-201022-063716-81a063,14,-452.7812442857143,17.080951071428572,-0.01,(P3),Fe2Li2OS2,2
LFSO-Li2Fe2S2O-201022-063819-d67c8b,14,-452.7767921428571,19.33795685714286,-0.0563,(P21),Fe2Li2OS2,2
LFSO-Li2Fe2S2O-201022-063844-6dafc2,7,-452.37804,17.342409,-0.03,(P3m1),Fe2Li2OS2,1
LFSO-Li2Fe2S2O-201022-063915-815a49,14,-452.8378314285714,18.88124807142857,-0.003,(Aea2),Fe2Li2OS2,2
LFSO-Li2Fe2S2O-201022-064020-734ca3,7,-452.6807285714286,26.49892142857143,0.0301,(Pm),Fe2Li2OS2,1
LFSO-Li2Fe2S2O-201022-064101-076dec,14,-452.73560499999996,20.582383642857142,-0.0305,(I4),Fe2Li2OS2,2
LFSO-Li2Fe2S2O-201022-064109-826a56,21,-452.6174372138571,20.922752666666668,0.1666,(P2),Fe2Li2OS2,3
LFSO-Li2Fe2S2O-201022-064136-105678,14,-452.9076464285714,15.634534357142856,0.2176,(C2),Fe2Li2OS2,2
LFSO-Li2Fe2S2O-201022-064358-68dd39,14,-452.74174857142856,18.383608214285715,0.0217,(P3),Fe2Li2OS2,2
LFSO-Li2Fe2S2O-201022-064416-bed92a,14,-452.74314999999996,16.49166657142857,0.0492,(C2),Fe2Li2OS2,2
LFSO-Li2Fe2S2O-201022-064504-58f47d,14,-452.74630214285713,18.14787457142857,0.0055,(P3),Fe2Li2OS2,2
LFSO-Li2Fe2S2O-201022-064510-5abf43,21,-452.5797333333333,36.58179909523809,-0.011,(P2/m),Fe2Li2OS2,3
LFSO-Li2Fe2S2O-201022-064710-9088c1,14,-452.51331357142857,19.29399157142857,0.0424,(R3),Fe2Li2OS2,2
LFSO-Li2Fe2S2O-201022-064711-c1f2db,7,-452.79266285714283,20.200053571428572,-0.0124,(Imm2),Fe2Li2OS2,1
LFSO-Li2Fe2S2O-201022-064743-2e8e50,21,-452.52574,38.08804309523809,0.0117,(Pm),Fe2Li2OS2,3
LFSO-Li2Fe2S2O-201022-065007-75da72,21,-452.82918714285717,21.894175,-0.0603,(P31),Fe2Li2OS2,3
LFSO-Li2Fe2S2O-201022-065041-3add44,7,-452.52380857142856,23.018024999999998,-0.0406,(P3m1),Fe2Li2OS2,1
LFSO-Li2Fe2S2O-201022-065100-d32087,14,-452.730455,21.23205385714286,0.0224,(Pm),Fe2Li2OS2,2
LFSO-Li2Fe2S2O-201022-065140-3915c9,21,-452.4754461904762,18.794849,0.0103,(Cmm2),Fe2Li2OS2,3
LFSO-Li2Fe2S2O-201022-065239-a28d77,21,-452.5622590476191,20.705445333333333,0.6708,(C2),Fe2Li2OS2,3
LFSO-Li2Fe2S2O-201022-070120-e9b7bb,7,-452.87802,15.630907714285714,0.0083,(Fmm2),Fe2Li2OS2,1
LFSO-Li2Fe2S2O-201022-070502-d3f5b7,7,-452.4622157142857,20.239119,-0.0113,(P3m1),Fe2Li2OS2,1
LFSO-Li2Fe2S2O-201022-070512-8ebd39,21,-452.80257095238096,19.02886419047619,-0.1108,(R3),Fe2Li2OS2,3
LFSO-Li2Fe2S2O-201022-070641-5ffd7a,7,-452.77801285714287,14.328978857142857,-0.0556,(R3m),Fe2Li2OS2,1
LFSO-Li2Fe2S2O-201022-070814-4a7586,21,-452.63553761904757,26.868633904761904,-0.6204,(C2/m),Fe2Li2OS2,3
LFSO-Li2Fe2S2O-201022-070853-236b6b,14,-452.38572857142856,20.636241714285713,-0.0054,(P3),Fe2Li2OS2,2
LFSO-Li2Fe2S2O-201022-070855-c9c77b,7,-452.84189714285714,17.369765142857144,-0.0413,(Cm),Fe2Li2OS2,1
LFSO-Li2Fe2S2O-201022-070954-fbdf4b,14,-452.67751071428575,27.76612935714286,0.0162,(P2/m),Fe2Li2OS2,2
LFSO-Li2Fe2S2O-201022-071045-9511fb,14,-452.62769785714283,30.910248785714288,-0.0226,(Ima2),Fe2Li2OS2,2
LFSO-Li2Fe2S2O-201022-071218-8d8c4c,7,-452.86900857142854,17.328368571428573,0.0375,(Cm),Fe2Li2OS2,1
LFSO-Li2Fe2S2O-201022-071308-88555d,14,-452.765395,17.8842945,-0.0132,(R3),Fe2Li2OS2,2
LFSO-Li2Fe2S2O-201022-071524-292957,14,-452.71859714285716,20.967045714285714,-0.0313,(R3),Fe2Li2OS2,2
LFSO-Li2Fe2S2O-201022-071539-5d01cd,7,-452.8727485714286,17.605817,0.0155,(Cm),Fe2Li2OS2,1
LFSO-Li2Fe2S2O-201022-071546-924f63,14,-452.441465,31.74125814285714,0.0432,(C2/m),Fe2Li2OS2,2
LFSO-Li2Fe2S2O-201022-071551-724109,21,-452.8303971428572,17.63035119047619,-0.0513,(Fmm2),Fe2Li2OS2,3
LFSO-Li2Fe2S2O-201022-071722-a1e294,14,-452.8691,16.35371057142857,-0.0198,(P21212),Fe2Li2OS2,2
LFSO-Li2Fe2S2O-201022-071737-cb2c6a,14,-452.85746857142857,18.08034207142857,0.0079,(Fdd2),Fe2Li2OS2,2
LFSO-Li2Fe2S2O-201022-071854-3bce67,14,-452.46389785714285,16.89789264285714,0.0244,(Pmc21),Fe2Li2OS2,2
LFSO-Li2Fe2S2O-201022-071910-733f0b,7,-452.34267142857146,17.600882857142857,0.0116,(Pmmm),Fe2Li2OS2,1
LFSO-Li2Fe2S2O-201022-072110-bf55f2,7,-452.77896142857145,18.593788999999997,0.0356,(P2),Fe2Li2OS2,1
LFSO-Li2Fe2S2O-201022-072212-9626f4,7,-452.20365,23.657059428571426,-0.0499,(F222),Fe2Li2OS2,1
LFSO-Li2Fe2S2O-201022-072408-9a8838,7,-452.78598,19.857611,0.0206,(Imm2),Fe2Li2OS2,1
LFSO-Li2Fe2S2O-201022-072646-8684bd,21,-452.8554904761905,26.519075,0.0428,(P32),Fe2Li2OS2,3
LFSO-Li2Fe2S2O-201022-072658-af339e,21,-452.7754561904762,22.266833333333334,0.0513,(P31),Fe2Li2OS2,3
LFSO-Li2Fe2S2O-201022-072744-480475,14,-452.5699242857143,22.736514,0.0569,(Pnc2),Fe2Li2OS2,2
LFSO-Li2Fe2S2O-201022-072815-334189,14,-452.6314135714286,17.65482007142857,0.0181,(P42cm),Fe2Li2OS2,2
LFSO-Li2Fe2S2O-201022-072815-d59701,7,-452.78725714285713,19.935,-0.2325,(Cm),Fe2Li2OS2,1
LFSO-Li2Fe2S2O-201022-072816-54a47e,14,-452.78403714285713,17.385832785714285,0.0143,(P3),Fe2Li2OS2,2
LFSO-Li2Fe2S2O-201022-073014-ca99d2,21,-452.48962714285716,19.908839095238097,-0.003,(P222),Fe2Li2OS2,3
LFSO-Li2Fe2S2O-201022-073053-5b70d0,7,-452.7533042857143,20.932339428571428,0.1179,(C2/m),Fe2Li2OS2,1
LFSO-Li2Fe2S2O-201022-073058-8c0b28,21,-452.7567766666666,33.73486761904762,0.3551,(P321),Fe2Li2OS2,3
LFSO-Li2Fe2S2O-201022-073150-47c47e,7,-452.6870942857143,27.987457857142857,-0.0114,(Pm),Fe2Li2OS2,1
LFSO-Li2Fe2S2O-201022-073227-91b642,7,-452.6984385714286,21.261650285714286,0.0143,(P2),Fe2Li2OS2,1
LFSO-Li2Fe2S2O-201022-073259-dbfa21,7,-452.5183928571428,14.550421857142856,0.1233,(R3m),Fe2Li2OS2,1
LFSO-Li2Fe2S2O-201022-073321-04bd66,21,-452.77864714285715,19.19068642857143,-0.0516,(P2),Fe2Li2OS2,3
LFSO-Li2Fe2S2O-201022-073323-e570ad,7,-452.2603314285715,16.632432571428573,0.0322,(Fmm2),Fe2Li2OS2,1
LFSO-Li2Fe2S2O-201022-073325-d35853,14,-452.87473857142857,17.11127157142857,-0.0303,(P21),Fe2Li2OS2,2
LFSO-Li2Fe2S2O-201022-073410-bb5837,21,-452.8050361904762,20.344700666666668,-0.0017,(C2),Fe2Li2OS2,3
LFSO-Li2Fe2S2O-201022-073437-2bbd89,21,-452.5087114285715,21.702209476190475,0.31,(P2),Fe2Li2OS2,3
LFSO-Li2Fe2S2O-201022-073822-eca648,14,-452.561715,20.331499,-0.0186,(R3),Fe2Li2OS2,2
LFSO-Li2Fe2S2O-201022-073843-04e570,14,-452.47225714285713,27.496500571428573,0.0164,(C222),Fe2Li2OS2,2
LFSO-Li2Fe2S2O-201022-074003-2a121b,21,-452.8237757142858,19.57176961904762,-0.0112,(P-1),Fe2Li2OS2,3
LFSO-Li2Fe2S2O-201022-074005-f29eff,14,-452.70078,20.03167842857143,0.0557,(R3m),Fe2Li2OS2,2
LFSO-Li2Fe2S2O-201022-074258-582efc,7,-452.73801000000003,17.946194714285713,-0.0232,(P3m1),Fe2Li2OS2,1
LFSO-Li2Fe2S2O-201022-074320-fc49dc,14,-452.5709807142857,39.23222428571428,-0.0037,(P3),Fe2Li2OS2,2
LFSO-Li2Fe2S2O-201022-074440-89b2ed,21,-452.61209571428566,18.18114057142857,0.9025,(P-1),Fe2Li2OS2,3
LFSO-Li2Fe2S2O-201022-074527-5dd938,7,-452.5701557142857,19.853288,-0.007,(P3m1),Fe2Li2OS2,1
LFSO-Li2Fe2S2O-201022-074527-db9edf,14,-452.82223785714285,18.580443857142857,-0.0758,(Pba2),Fe2Li2OS2,2
LFSO-Li2Fe2S2O-201022-074637-f4e5e8,7,-452.8427557142857,21.361789285714284,-0.0154,(C2),Fe2Li2OS2,1
LFSO-Li2Fe2S2O-201022-074741-87b68f,14,-452.89429071428566,16.7763685,-0.0019,(P21212),Fe2Li2OS2,2
LFSO-Li2Fe2S2O-201022-074805-388091,7,-452.67896,21.107573714285714,-0.0119,(P2),Fe2Li2OS2,1
LFSO-Li2Fe2S2O-201022-074824-697d63,7,-452.79258571428574,17.652910714285714,-0.0317,(Cm),Fe2Li2OS2,1
LFSO-Li2Fe2S2O-201022-074842-7fdce4,21,-452.53753714285716,22.366747714285715,-0.6812,(C2),Fe2Li2OS2,3
LFSO-Li2Fe2S2O-201022-074915-62c1af,7,-452.67596714285713,17.081208142857143,0.0081,(P2),Fe2Li2OS2,1
LFSO-Li2Fe2S2O-201022-074932-36c8e0,21,-452.7605738095238,20.331304238095235,0.1854,(F222),Fe2Li2OS2,3
LFSO-Li2Fe2S2O-201022-075002-b4edd4,14,-452.8276107142857,19.235879642857146,0.0266,(I41),Fe2Li2OS2,2
LFSO-Li2Fe2S2O-201022-075506-e98f87,21,-452.6829361904762,24.500713,-0.0633,(Fmm2),Fe2Li2OS2,3
LFSO-Li2Fe2S2O-201022-075620-017930,14,-452.7043692857143,23.000699785714286,-0.0022,(I222),Fe2Li2OS2,2
LFSO-Li2Fe2S2O-201022-075642-3960ce,14,-452.5211785714286,20.910340214285714,0.0227,(R3),Fe2Li2OS2,2
LFSO-Li2Fe2S2O-201022-075939-ae6ff4,14,-452.7901878571429,17.641553785714287,0.033,(R3),Fe2Li2OS2,2
LFSO-Li2Fe2S2O-201022-080152-8d0b8a,7,-452.65509000000003,16.136852142857144,-0.0026,(R3m),Fe2Li2OS2,1
LFSO-Li2Fe2S2O-201022-080210-a45b35,14,-452.63820714285714,18.2968105,0.0459,(P3),Fe2Li2OS2,2
LFSO-Li2Fe2S2O-201022-080416-0e0666,21,-452.60935476190474,33.07707204761905,-0.3655,(P2/m),Fe2Li2OS2,3
LFSO-Li2Fe2S2O-201022-080459-9ddf82,14,-452.86530857142856,17.110701928571427,0.0119,(Pba2),Fe2Li2OS2,2
LFSO-Li2Fe2S2O-201022-080502-7d03a5,14,-452.80843428571427,19.707816357142857,-0.0056,(C2221),Fe2Li2OS2,2
LFSO-Li2Fe2S2O-201022-080502-cd1c3b,7,-452.71419000000003,24.102376142857143,0.0301,(C2),Fe2Li2OS2,1
LFSO-Li2Fe2S2O-201022-080526-25928b,7,-452.0935642857143,17.296057714285716,0.0381,(F222),Fe2Li2OS2,1
LFSO-Li2Fe2S2O-201022-080526-371b49,14,-452.7332028571428,21.199546714285713,-0.4754,(R3),Fe2Li2OS2,2
LFSO-Li2Fe2S2O-201023-154835-1f514c,14,-452.79506642857143,22.015869857142857,-0.0205,(P21/m),Fe2Li2OS2,2
LFSO-Li2Fe2S2O-201023-155029-a1dfe8,21,-452.7374642857143,20.675819666666666,0.0041,(P-1),Fe2Li2OS2,3
LFSO-Li2Fe2S2O-201023-155143-cd242f,7,-452.62503428571426,18.28509485714286,-0.0249,(R3m),Fe2Li2OS2,1
LFSO-Li2Fe2S2O-201023-155309-3ebcfa,21,-452.74494380952376,35.69571785714286,-0.0718,(Cm),Fe2Li2OS2,3
LFSO-Li2Fe2S2O-201023-155525-c8e92f,21,-452.8271633333334,18.491813523809522,0.0135,(P31),Fe2Li2OS2,3
LFSO-Li2Fe2S2O-201023-160711-15d5ba,21,-452.64872333333335,33.84199614285714,-0.0436,(P3),Fe2Li2OS2,3
LFSO-Li2Fe2S2O-201023-161346-50c7b0,7,-452.69928,21.56997442857143,0.0608,(Pm),Fe2Li2OS2,1
LFSO-Li2Fe2S2O-201023-161804-551e08,14,-452.7184328571429,21.194976642857142,0.0377,(P2),Fe2Li2OS2,2
LFSO-Li2Fe2S2O-201023-162012-126f34,21,-452.631540952381,26.480978999999998,-0.0658,(Fmm2),Fe2Li2OS2,3
LFSO-Li2Fe2S2O-201023-162207-a4b62b,7,-452.7648785714286,24.793959,0.0059,(P2),Fe2Li2OS2,1
LFSO-Li2Fe2S2O-201023-162417-d32cbe,14,-452.7242507142857,22.150208285714285,-0.0308,(C2),Fe2Li2OS2,2
LFSO-Li2Fe2S2O-201023-162721-e28cb5,7,-452.8752728571429,16.48423914285714,0.0292,(P-1),Fe2Li2OS2,1
LFSO-Li2Fe2S2O-201023-163635-d5954c,7,-452.41504857142854,19.734384000000002,-0.0609,(Cm),Fe2Li2OS2,1
LFSO-Li2Fe2S2O-201023-163744-08e283,7,-452.36648285714284,17.27099242857143,0.0072,(C222),Fe2Li2OS2,1
LFSO-Li2Fe2S2O-201023-163843-000561,21,-452.7676504761905,33.622657476190476,-0.192,(P3),Fe2Li2OS2,3
LFSO-Li2Fe2S2O-201023-164005-035435,21,-452.4257657142857,17.61383238095238,0.0548,(I222),Fe2Li2OS2,3
LFSO-Li2Fe2S2O-201023-164742-2a0688,7,-451.95243285714287,16.74544842857143,-0.016,(P3m1),Fe2Li2OS2,1
LFSO-Li2Fe2S2O-201023-164755-b59daf,7,-452.71900714285715,32.42640957142857,-0.0156,(Pm),Fe2Li2OS2,1
LFSO-Li2Fe2S2O-201023-170040-35234d,21,-452.64984666666663,22.434114952380952,0.0786,(Imm2),Fe2Li2OS2,3
LFSO-Li2Fe2S2O-201023-170255-5763b4,21,-452.81905095238096,15.520708952380952,-0.0137,(P32),Fe2Li2OS2,3
LFSO-Li2Fe2S2O-201023-170507-37ea9c,14,-452.4892457142857,18.83626907142857,0.0285,(R3),Fe2Li2OS2,2
LFSO-Li2Fe2S2O-201023-171014-3c1995,21,-452.80941904761903,15.892749047619047,0.0132,(P-1),Fe2Li2OS2,3
LFSO-Li2Fe2S2O-201023-171249-d64498,7,-452.6075514285714,36.393290285714286,0.0154,(Pmmm),Fe2Li2OS2,1
LFSO-Li2Fe2S2O-201023-171835-e7a76a,7,-452.90168857142856,16.533376999999998,0.0119,(P-1),Fe2Li2OS2,1
LFSO-Li2Fe2S2O-201023-173236-d1df7c,21,-452.6836647619047,20.374817809523808,0.0364,(P3),Fe2Li2OS2,3
LFSO-Li2Fe2S2O-201023-173716-e3ec6d,14,-452.75415357142856,16.125895785714285,-0.3148,(R3),Fe2Li2OS2,2
LFSO-Li2Fe2S2O-201023-173806-7652b2,21,-452.7570171428572,22.22590704761905,0.0839,(C2),Fe2Li2OS2,3
LFSO-Li2Fe2S2O-201023-173826-8b5c8d,14,-452.7786392857143,17.915320428571427,0.0343,(Cc),Fe2Li2OS2,2
LFSO-Li2Fe2S2O-201023-174107-7ff821,7,-452.3148028571428,21.503555428571428,0.0022,(Pmm2),Fe2Li2OS2,1
LFSO-Li2Fe2S2O-201023-174234-a4a40d,21,-452.6671733333334,30.472753523809523,-0.1046,(Cm),Fe2Li2OS2,3
LFSO-Li2Fe2S2O-201023-174245-790c17,14,-452.7304107142857,19.160954642857142,-0.0339,(R3),Fe2Li2OS2,2
LFSO-Li2Fe2S2O-201023-174331-458e3c,7,-452.7753471428572,18.223989714285715,0.0477,(P2),Fe2Li2OS2,1
LFSO-Li2Fe2S2O-201023-174511-2decce,14,-452.6303992857143,32.088598857142856,-0.0071,(Pm),Fe2Li2OS2,2
LFSO-Li2Fe2S2O-201023-174612-1848f8,21,-452.72047238095234,29.75710580952381,0.062,(P3),Fe2Li2OS2,3
LFSO-Li2Fe2S2O-201023-175011-622196,14,-452.84805642857145,15.043756357142858,0.0668,(Fdd2),Fe2Li2OS2,2
LFSO-Li2Fe2S2O-201023-175402-72f189,21,-452.7241833333334,24.62857419047619,0.0493,(Cm),Fe2Li2OS2,3
LFSO-Li2Fe2S2O-201023-175402-e5ac18,7,-452.35035285714287,19.380719571428575,-0.0055,(Fmm2),Fe2Li2OS2,1
LFSO-Li2Fe2S2O-201023-175813-268acd,21,-452.6426532052857,31.43128457142857,-0.0401,(Pm),Fe2Li2OS2,3
LFSO-Li2Fe2S2O-201023-180353-35b248,14,-452.62599785714286,36.42624442857143,-0.0263,(C2/m),Fe2Li2OS2,2
LFSO-Li2Fe2S2O-201023-180753-356842,7,-452.66560857142855,17.712836714285714,0.0298,(R3m),Fe2Li2OS2,1
LFSO-Li2Fe2S2O-201023-181415-c279b3,7,-452.5015414285714,18.255563857142857,-0.0368,(C2/m),Fe2Li2OS2,1
LFSO-Li2Fe2S2O-201023-181433-134650,14,-452.81095999999997,19.27414992857143,0.0092,(C2),Fe2Li2OS2,2
LFSO-Li2Fe2S2O-201023-181725-b3ae51,14,-452.8026992857143,19.783496714285715,0.0778,(P21),Fe2Li2OS2,2
LFSO-Li2Fe2S2O-201023-182105-b94e6d,14,-452.57144999999997,25.4763475,0.0714,(R3),Fe2Li2OS2,2
LFSO-Li2Fe2S2O-201023-182153-940e57,21,-452.6970333333333,21.716939904761905,0.0449,(P2/m),Fe2Li2OS2,3
LFSO-Li2Fe2S2O-201023-182349-c5edc4,7,-451.84430285714285,19.705708285714284,-0.0526,(Immm),Fe2Li2OS2,1
LFSO-Li2Fe2S2O-201023-182559-b1ff45,7,-452.90101999999996,16.456356,-0.0236,(P-1),Fe2Li2OS2,1
LFSO-Li2Fe2S2O-201023-183157-5efd24,7,-452.86704142857144,15.408528142857142,0.005,(Fmm2),Fe2Li2OS2,1
LFSO-Li2Fe2S2O-201023-183510-83c8df,14,-452.8270342857143,18.189925642857144,-0.0011,(P21),Fe2Li2OS2,2
LFSO-Li2Fe2S2O-201023-183528-3c7961,14,-452.8245,23.24327464285714,-0.0322,(Pmn21),Fe2Li2OS2,2
LFSO-Li2Fe2S2O-201023-183556-ade71a,21,-452.75084285714286,20.838479619047618,-0.0152,(R3),Fe2Li2OS2,3
LFSO-Li2Fe2S2O-201023-184305-37f3ea,7,-452.70261,14.365819857142856,-0.0356,(R3m),Fe2Li2OS2,1
LFSO-Li2Fe2S2O-201023-184435-8fa95d,7,-452.8698485714286,20.320962714285713,0.009,(P-1),Fe2Li2OS2,1
LFSO-Li2Fe2S2O-201023-184450-c22948,7,-452.78181428571423,19.81760314285714,0.049,(Cm),Fe2Li2OS2,1
LFSO-Li2Fe2S2O-201023-184733-65a6af,7,-452.2738757142857,18.57095957142857,-0.0143,(Fmm2),Fe2Li2OS2,1
LFSO-Li2Fe2S2O-201023-185257-446192,7,-452.66924,17.150252000000002,0.0828,(R3m),Fe2Li2OS2,1
LFSO-Li2Fe2S2O-201023-185503-cea3b4,21,-452.6590466666667,32.65081009523809,-0.13,(Imm2),Fe2Li2OS2,3
LFSO-Li2Fe2S2O-201023-185834-f08437,7,-452.56798714285713,18.608780857142857,0.2581,(P-1),Fe2Li2OS2,1
LFSO-Li2Fe2S2O-201023-185930-5ea738,7,-452.8994514285714,17.42523057142857,-0.0028,(C2),Fe2Li2OS2,1
LFSO-Li2Fe2S2O-201023-190053-4bc46f,21,-452.6938933333334,23.747540095238097,-0.0394,(Imm2),Fe2Li2OS2,3
LFSO-Li2Fe2S2O-201023-190359-1fdd96,21,-452.81666190476193,17.058563857142858,0.0162,(P32),Fe2Li2OS2,3
LFSO-Li2Fe2S2O-201023-190558-e5b392,7,-452.70563714285714,24.29854685714286,-0.033,(Cm),Fe2Li2OS2,1
LFSO-Li2Fe2S2O-201023-190702-b2a7c0,7,-452.77074,19.104771571428568,-0.0868,(P-1),Fe2Li2OS2,1
LFSO-Li2Fe2S2O-201023-190728-3b5799,21,-452.7535052380952,32.55772557142857,-0.013,(Cm),Fe2Li2OS2,3
LFSO-Li2Fe2S2O-201023-190925-72eff4,7,-452.56242285714285,23.093511142857142,0.059,(C222),Fe2Li2OS2,1
LFSO-Li2Fe2S2O-201023-191239-e27977,21,-452.4502976190476,33.7969520952381,-0.7282,(P222),Fe2Li2OS2,3
LFSO-Li2Fe2S2O-201023-191358-5817c3,14,-452.80710142857146,18.204642571428572,-0.0396,(Pba2),Fe2Li2OS2,2
LFSO-Li2Fe2S2O-201023-191501-92f82e,21,-452.69768809523805,23.589271095238093,0.0102,(C2/m),Fe2Li2OS2,3
LFSO-Li2Fe2S2O-201023-191543-430b79,7,-452.58836285714284,14.847222285714285,-0.0221,(R-3m),Fe2Li2OS2,1
LFSO-Li2Fe2S2O-201023-191720-e06828,21,-452.8011152380953,19.761664,-0.053,(P3),Fe2Li2OS2,3
LFSO-Li2Fe2S2O-201023-191725-f69f73,21,-452.6679185714286,22.582739809523808,-0.4388,(Cm),Fe2Li2OS2,3
LFSO-Li2Fe2S2O-201023-192022-fa5c93,21,-452.7456176190476,19.13354919047619,-0.0542,(C2/m),Fe2Li2OS2,3
LFSO-Li2Fe2S2O-201023-192622-81e4e3,7,-452.3515371428571,19.64660157142857,0.0194,(Pmm2),Fe2Li2OS2,1
LFSO-Li2Fe2S2O-201023-193122-c8dfe0,14,-452.76340214285716,17.487303285714287,-0.0671,(P-1),Fe2Li2OS2,2
LFSO-Li2Fe2S2O-201023-193328-b599dd,21,-452.85388238095237,17.469173238095237,-0.1013,(P-1),Fe2Li2OS2,3
LFSO-Li2Fe2S2O-201023-193330-05cedc,7,-452.69571,27.014016714285713,-0.0617,(Pm),Fe2Li2OS2,1
LFSO-Li2Fe2S2O-201023-193537-725fa8,14,-452.8747257142857,17.082431714285715,-0.0231,(P-1),Fe2Li2OS2,2
LFSO-Li2Fe2S2O-201023-193547-d5db35,21,-452.7445085714285,18.93658814285714,0.045,(P31),Fe2Li2OS2,3
LFSO-Li2Fe2S2O-201023-194238-44b4cd,7,-452.52183,18.316925714285713,0.0162,(Fmm2),Fe2Li2OS2,1
LFSO-Li2Fe2S2O-201023-194630-a27035,14,-452.7595314285714,17.29426207142857,-0.7196,(P-1),Fe2Li2OS2,2
LFSO-Li2Fe2S2O-201023-194709-ea28da,14,-452.7725092857143,23.981346785714287,0.0397,(I-4),Fe2Li2OS2,2
LFSO-Li2Fe2S2O-201023-200203-d051d8,21,-452.79386952380946,21.740004619047617,-0.0231,(P2),Fe2Li2OS2,3
LFSO-Li2Fe2S2O-201023-200422-269abc,21,-452.7511761904762,17.46991285714286,-0.0627,(R3),Fe2Li2OS2,3
LFSO-Li2Fe2S2O-201023-200455-3af5fe,14,-452.8442807142857,16.499705071428572,0.0561,(Pnn2),Fe2Li2OS2,2
LFSO-Li2Fe2S2O-201023-200713-3bb7ad,14,-452.3661771428571,23.200004,0.0583,(P3),Fe2Li2OS2,2
LFSO-Li2Fe2S2O-201023-200739-905eed,21,-452.56508761904763,24.987407666666666,0.0832,(Cm),Fe2Li2OS2,3
LFSO-Li2Fe2S2O-201023-201047-b1aa21,21,-452.67424619047625,26.581799571428572,0.0201,(P3),Fe2Li2OS2,3
LFSO-Li2Fe2S2O-201023-201229-0f61e2,21,-452.5515621715238,20.613432904761904,-1.1146,(C2),Fe2Li2OS2,3
LFSO-Li2Fe2S2O-201023-201545-a4b35a,7,-452.76542,20.77981385714286,-0.0183,(Immm),Fe2Li2OS2,1
LFSO-Li2Fe2S2O-201023-201547-d39827,7,-452.47906,19.381541,0.0367,(C2/m),Fe2Li2OS2,1
LFSO-Li2Fe2S2O-201023-202200-294f83,7,-452.64306285714287,19.961580571428573,-0.018,(P-4m2),Fe2Li2OS2,1
LFSO-Li2Fe2S2O-201023-202337-72ea30,14,-452.59618,25.477613571428574,-0.0456,(P3),Fe2Li2OS2,2
LFSO-Li2Fe2S2O-201023-202431-0ddc85,14,-452.83074357142857,19.630479285714284,0.0075,(I-4),Fe2Li2OS2,2
LFSO-Li2Fe2S2O-201023-202558-b70e17,14,-452.83775428571425,21.86929042857143,-0.0079,(P21),Fe2Li2OS2,2
LFSO-Li2Fe2S2O-201023-202631-60af0e,14,-452.7120635714286,29.671614,0.0037,(Cm),Fe2Li2OS2,2
LFSO-Li2Fe2S2O-201023-202710-5763cf,21,-452.71862809523805,19.82032638095238,0.0341,(Amm2),Fe2Li2OS2,3
LFSO-Li2Fe2S2O-201023-203437-400ab1,21,-452.7507042857143,20.231549047619048,-0.008,(P3),Fe2Li2OS2,3
LFSO-Li2Fe2S2O-201023-203452-4ceb4e,21,-452.7899366666666,23.143158857142858,-0.1873,(P3),Fe2Li2OS2,3
LFSO-Li2Fe2S2O-201023-203502-129be1,21,-452.70459142857146,27.56223966666667,-0.3323,(Cm),Fe2Li2OS2,3
LFSO-Li2Fe2S2O-201023-203551-d4a7b0,14,-452.74179,33.152106714285715,-0.0584,(I222),Fe2Li2OS2,2
LFSO-Li2Fe2S2O-201023-203831-29c425,21,-452.82174428571426,20.233317333333332,0.0663,(R3),Fe2Li2OS2,3
LFSO-Li2Fe2S2O-201023-203831-5bd174,7,-452.7997142857143,21.244407714285718,-0.0043,(C2),Fe2Li2OS2,1
LFSO-Li2Fe2S2O-201023-203831-d22802,14,-452.73778214285716,19.158845071428573,-0.0104,(R3m),Fe2Li2OS2,2
LFSO-Li2Fe2S2O-201023-204649-535a48,14,-452.78384714285716,15.215919285714287,0.0028,(P3),Fe2Li2OS2,2
LFSO-Li2Fe2S2O-201023-204910-e3a1e7,21,-452.65729285714286,23.30367819047619,0.0911,(C2),Fe2Li2OS2,3
LFSO-Li2Fe2S2O-201023-205013-f2290e,21,-452.73440238095236,18.147074333333336,0.0241,(F222),Fe2Li2OS2,3
LFSO-Li2Fe2S2O-201023-205409-805951,21,-452.76480904761905,19.39378657142857,0.085,(P2),Fe2Li2OS2,3
LFSO-Li2Fe2S2O-201023-205630-c425be,14,-452.7702264285714,15.336638642857142,-0.0422,(P3),Fe2Li2OS2,2
LFSO-Li2Fe2S2O-201023-205853-673b95,21,-452.6779423809524,24.17247719047619,-0.1145,(C2),Fe2Li2OS2,3
LFSO-Li2Fe2S2O-201023-210253-6a6594,21,-452.5829766666667,24.451174190476188,0.1539,(P2),Fe2Li2OS2,3
LFSO-Li2Fe2S2O-201023-210514-3cd6c6,21,-452.8312009523809,22.25822776190476,-0.0177,(R3),Fe2Li2OS2,3
LFSO-Li2Fe2S2O-201023-210726-e28877,7,-452.68796857142854,20.157138857142858,0.0027,(P2),Fe2Li2OS2,1
LFSO-Li2Fe2S2O-201023-211041-0fcbcc,21,-452.84239142857143,17.129991095238093,0.0757,(C2),Fe2Li2OS2,3
LFSO-Li2Fe2S2O-201023-211536-bfb549,14,-452.6166385714286,27.554341642857143,0.0384,(Pm),Fe2Li2OS2,2
LFSO-Li2Fe2S2O-201023-212024-692d2e,7,-452.72814999999997,26.379246857142856,-0.0313,(Cm),Fe2Li2OS2,1
LFSO-Li2Fe2S2O-201023-212335-aed35d,7,-452.4109414285714,16.389071714285713,-0.0053,(P3m1),Fe2Li2OS2,1
LFSO-Li2Fe2S2O-201023-212352-e61e79,7,-452.68548285714286,19.853978428571427,0.0385,(C222),Fe2Li2OS2,1
LFSO-Li2Fe2S2O-201023-212857-d61dcc,14,-452.85774499999997,17.77681457142857,-0.0235,(P-1),Fe2Li2OS2,2
LFSO-Li2Fe2S2O-201023-213043-18830c,21,-452.7008793452857,26.87833680952381,0.0623,(R3),Fe2Li2OS2,3
LFSO-Li2Fe2S2O-201023-214406-03d068,7,-452.63081714285715,20.72704214285714,-0.0131,(Amm2),Fe2Li2OS2,1
LFSO-Li2Fe2S2O-201023-214442-2ef2f8,7,-452.86522,16.432009,-0.0271,(P-1),Fe2Li2OS2,1
LFSO-Li2Fe2S2O-201023-214810-626d60,14,-452.80364000000003,26.261928714285716,-0.3413,(Imm2),Fe2Li2OS2,2
LFSO-Li2Fe2S2O-201023-215540-b2bddd,14,-452.7821607142857,16.882364785714284,-0.0195,(I41md),Fe2Li2OS2,2
LFSO-Li2Fe2S2O-201023-215643-ed1403,7,-452.78152857142857,18.92892557142857,0.0042,(P2),Fe2Li2OS2,1
LFSO-Li2Fe2S2O-201023-215940-499462,14,-452.4418107142857,32.00392342857143,0.0068,(P3),Fe2Li2OS2,2
LFSO-Li2Fe2S2O-201023-220208-d3257e,14,-452.70625,19.16875207142857,0.0136,(P2),Fe2Li2OS2,2
LFSO-Li2Fe2S2O-201023-221151-954f9e,14,-452.42537,24.370426357142858,-0.0726,(P3),Fe2Li2OS2,2
LFSO-Li2Fe2S2O-201023-221344-a3979b,14,-452.7442021428571,18.585572428571428,0.0858,(P4),Fe2Li2OS2,2
LFSO-Li2Fe2S2O-201023-221535-074b55,7,-452.8862042857143,16.955887999999998,0.0752,(P-1),Fe2Li2OS2,1
LFSO-Li2Fe2S2O-201023-221641-648522,21,-452.7921490476191,20.103949238095236,-0.0462,(P32),Fe2Li2OS2,3
LFSO-Li2Fe2S2O-201023-221816-56beca,7,-452.4488942857143,18.29323971428571,-0.0394,(Imm2),Fe2Li2OS2,1
LFSO-Li2Fe2S2O-201023-222029-f3604d,21,-452.5711547619047,18.248053095238095,0.0171,(R3),Fe2Li2OS2,3
LFSO-Li2Fe2S2O-201023-223844-e71b18,21,-452.8717647619047,17.627957904761907,-0.0249,(P31),Fe2Li2OS2,3
LFSO-Li2Fe2S2O-201023-224144-da5c8f,21,-452.4762761904762,22.61003180952381,0.0173,(P31),Fe2Li2OS2,3
LFSO-Li2Fe2S2O-201023-225042-5eec66,7,-452.86172857142856,16.83318357142857,0.0163,(C2),Fe2Li2OS2,1
LFSO-Li2Fe2S2O-201023-225120-7f944e,21,-452.68025380952383,20.303734285714285,-0.2099,(Imm2),Fe2Li2OS2,3
LFSO-Li2Fe2S2O-201023-225540-df5f93,21,-452.19527714285715,23.883783952380952,-0.1604,(Pmm2),Fe2Li2OS2,3
LFSO-Li2Fe2S2O-201023-225624-006874,14,-452.74026499999997,37.96672371428571,0.2086,(Pm),Fe2Li2OS2,2
LFSO-Li2Fe2S2O-201023-230150-fecc46,7,-451.9149157142857,21.020565714285713,-0.0372,(Pmmm),Fe2Li2OS2,1
LFSO-Li2Fe2S2O-201023-230312-bf9643,21,-452.76003904761905,26.480931666666667,0.0374,(R3),Fe2Li2OS2,3
LFSO-Li2Fe2S2O-201023-230939-9b868c,21,-452.74791095238095,33.940894523809526,0.1048,(P32),Fe2Li2OS2,3
LFSO-Li2Fe2S2O-201023-231057-3bd144,21,-452.17667857142857,39.53861619047619,0.0515,(Amm2),Fe2Li2OS2,3
LFSO-Li2Fe2S2O-201023-231236-edd138,7,-452.60679,16.33709357142857,-0.0246,(Cmmm),Fe2Li2OS2,1
LFSO-Li2Fe2S2O-201023-231341-ef1204,7,-452.75581,17.14559357142857,0.0127,(P-6m2),Fe2Li2OS2,1
LFSO-Li2Fe2S2O-201023-231758-0aa971,7,-452.63133571428574,14.678742571428572,-0.0385,(R3m),Fe2Li2OS2,1
LFSO-Li2Fe2S2O-201023-231759-6d46e2,14,-452.7970835714286,15.0479085,-0.0388,(P3),Fe2Li2OS2,2
